{
	"Load": 300.0,
	"TDR": 2502554587,
	"TDT": 2163541423,
	"BR": 7.2209997,
	"BRInnerGroup0-0": 6.3883505,
	"BRInnerGroup1-1": 7.2022862,
	"BRInnerGroup2-2": 11.637081,
	"BRInnerCluster1": 4.332521,
	"BRInnerCluster2": 2.252986,
	"BRInnerCluster3": 1.5151515,
	"BRInnerCluster4": 4.332521,
	"BRInnerCluster5": 2.252986,
	"BRInnerCluster6": 1.5151515,
	"BRCrossGroup0-1": 9.562423,
	"BRCrossGroup0-2": 7.220295,
	"BRCrossGroup1-0": 4.2163825,
	"BRCrossGroup1-2": 2.7928417,
	"BRCrossGroup2-0": 6.519361,
	"BRCrossGroup2-1": 6.0713887,
	"BRCrossCluster1-2": 8.826455,
	"BRCrossCluster1-3": 6.5177517,
	"BRCrossCluster1-4": 12.120794,
	"BRCrossCluster1-5": 7.114094,
	"BRCrossCluster1-6": 4.8579288,
	"BRCrossCluster2-1": 9.944618,
	"BRCrossCluster2-3": 17.893345,
	"BRCrossCluster2-4": 1.5726682,
	"BRCrossCluster2-5": 8.7491455,
	"BRCrossCluster2-6": 6.6130476,
	"BRCrossCluster3-1": 1.220527,
	"BRCrossCluster3-2": 8.90411,
	"BRCrossCluster3-4": 11.7683115,
	"BRCrossCluster3-5": 4.2200456,
	"BRCrossCluster3-6": 1.0476191,
	"BRCrossCluster4-1": 6.0728745,
	"BRCrossCluster4-2": 0.528169,
	"BRCrossCluster4-3": 12.730627,
	"BRCrossCluster4-5": 2.8028934,
	"BRCrossCluster4-6": 2.1065674,
	"BRCrossCluster5-1": 7.655826,
	"BRCrossCluster5-2": 6.4022264,
	"BRCrossCluster5-3": 8.940494,
	"BRCrossCluster5-4": 5.367339,
	"BRCrossCluster5-6": 15.240643,
	"BRCrossCluster6-1": 5.300988,
	"BRCrossCluster6-2": 5.7798166,
	"BRCrossCluster6-3": 4.188273,
	"BRCrossCluster6-4": 3.5967577,
	"BRCrossCluster6-5": 14.114833,
	"BBR": 13.489492,
	"BBRinnerGroup0-0": 11.596947,
	"BBRinnerGroup1-1": 13.48429,
	"BBRinnerGroup2-2": 21.404024,
	"BBRinnerCluster1": 7.9327593,
	"BBRinnerCluster2": 5.37129,
	"BBRinnerCluster3": 3.8132415,
	"BBRinnerCluster4": 0.9970089,
	"BBRinnerCluster5": 9.808613,
	"BBRinnerCluster6": 0.0,
	"BBRcrossGroup0-1": 17.320549,
	"BBRcrossGroup0-2": 13.3362055,
	"BBRcrossGroup1-0": 8.576254,
	"BBRcrossGroup1-2": 6.392508,
	"BBRcrossGroup2-0": 12.406346,
	"BBRcrossGroup2-1": 12.384483,
	"BBRcrossCluster1-2": 15.296052,
	"BBRcrossCluster1-3": 13.181141,
	"BBRcrossCluster1-4": 21.878485,
	"BBRcrossCluster1-5": 14.070007,
	"BBRcrossCluster1-6": 7.737557,
	"BBRcrossCluster2-1": 17.554148,
	"BBRcrossCluster2-3": 30.37481,
	"BBRcrossCluster2-4": 3.690137,
	"BBRcrossCluster2-5": 15.762363,
	"BBRcrossCluster2-6": 12.278426,
	"BBRcrossCluster3-1": 2.729425,
	"BBRcrossCluster3-2": 17.53685,
	"BBRcrossCluster3-4": 21.993181,
	"BBRcrossCluster3-5": 9.309665,
	"BBRcrossCluster3-6": 2.7384324,
	"BBRcrossCluster4-1": 12.213236,
	"BBRcrossCluster4-2": 1.4393667,
	"BBRcrossCluster4-3": 22.716011,
	"BBRcrossCluster4-5": 6.4872017,
	"BBRcrossCluster4-6": 4.723926,
	"BBRcrossCluster5-1": 14.601019,
	"BBRcrossCluster5-2": 12.8385515,
	"BBRcrossCluster5-3": 17.437063,
	"BBRcrossCluster5-4": 10.502283,
	"BBRcrossCluster5-6": 28.761652,
	"BBRcrossCluster6-1": 9.123922,
	"BBRcrossCluster6-2": 11.515152,
	"BBRcrossCluster6-3": 9.435108,
	"BBRcrossCluster5-4": 7.4950194,
	"BBRcrossCluster6-5": 25.584257,
	"LP": 92779,
	"TR": 1.0,
	"VH": 1.0,
	"PH": 3.470817749706291,
	"OXCAST": 0.02866384504546635,
	"Spec": 60.06666666666667,
	"Frag": 45.962530570173335,
	"PC": 1791988.94799389,
	"TP": 1.6625895340675037E11,
	"EE": 0.013013082174930598,
	"EEE": 0.0112576834418058,
	"BPSK": 100.0,
	"QPSK": 0.0,
	"8QAM": 0.0,
	"16QAM": 0.0,
	"32QAM": 0.0,
	"64QAM": 0.0,
	"MetCos":0.0,
	"MetPC":0.0,
	"LPGrooming": 0.0,
	"STP": 0.004254397654641259,
	"TSTP": 394.7187599999613,
	"STmax": 0.0,
	"TSTmax": 0.0,
	"JFI_BR": 0.2665817,
	"JFI_BBR": 0.31944373,
	"Time(ms)": 0.21432
}

