{
	"Load": 120.0,
	"TDR": 2517270854,
	"TDT": 2514607756,
	"BR": 0.04,
	"BRInnerGroup0-0": 0.04784689,
	"BRInnerGroup1-1": 0.0,
	"BRInnerGroup2-2": 0.0,
	"BRInnerCluster1": 0.027225703,
	"BRInnerCluster2": 0.0,
	"BRInnerCluster3": 0.0,
	"BRInnerCluster4": 0.027225703,
	"BRInnerCluster5": 0.0,
	"BRInnerCluster6": 0.0,
	"BRCrossGroup0-1": 0.07511629,
	"BRCrossGroup0-2": 0.021753317,
	"BRCrossGroup1-0": 0.0072458517,
	"BRCrossGroup1-2": 0.0,
	"BRCrossGroup2-0": 0.0,
	"BRCrossGroup2-1": 0.04474273,
	"BRCrossCluster1-2": 0.10162601,
	"BRCrossCluster1-3": 0.010838933,
	"BRCrossCluster1-4": 0.1665279,
	"BRCrossCluster1-5": 0.0,
	"BRCrossCluster1-6": 0.0,
	"BRCrossCluster2-1": 0.07398274,
	"BRCrossCluster2-3": 0.13932055,
	"BRCrossCluster2-4": 0.0,
	"BRCrossCluster2-5": 0.06839946,
	"BRCrossCluster2-6": 0.0,
	"BRCrossCluster3-1": 0.0,
	"BRCrossCluster3-2": 0.027285129,
	"BRCrossCluster3-4": 0.0,
	"BRCrossCluster3-5": 0.0,
	"BRCrossCluster3-6": 0.0,
	"BRCrossCluster4-1": 0.0,
	"BRCrossCluster4-2": 0.0,
	"BRCrossCluster4-3": 0.0,
	"BRCrossCluster4-5": 0.0,
	"BRCrossCluster4-6": 0.0,
	"BRCrossCluster5-1": 0.0,
	"BRCrossCluster5-2": 0.0,
	"BRCrossCluster5-3": 0.12048193,
	"BRCrossCluster5-4": 0.0,
	"BRCrossCluster5-6": 0.0,
	"BRCrossCluster6-1": 0.0,
	"BRCrossCluster6-2": 0.0,
	"BRCrossCluster6-3": 0.0,
	"BRCrossCluster6-4": 0.0,
	"BRCrossCluster6-5": 0.0,
	"BBR": 0.09370709,
	"BBRinnerGroup0-0": 0.0985104,
	"BBRinnerGroup1-1": 0.0,
	"BBRinnerGroup2-2": 0.0,
	"BBRinnerCluster1": 0.0807537,
	"BBRinnerCluster2": 0.0,
	"BBRinnerCluster3": 0.0,
	"BBRinnerCluster4": 0.0,
	"BBRinnerCluster5": 0.0,
	"BBRinnerCluster6": 0.0,
	"BBRcrossGroup0-1": 0.17054734,
	"BBRcrossGroup0-2": 0.06554511,
	"BBRcrossGroup1-0": 0.022011079,
	"BBRcrossGroup1-2": 0.0,
	"BBRcrossGroup2-0": 0.0,
	"BBRcrossGroup2-1": 0.1346499,
	"BBRcrossCluster1-2": 0.17980991,
	"BBRcrossCluster1-3": 0.0054262304,
	"BBRcrossCluster1-4": 0.37031955,
	"BBRcrossCluster1-5": 0.0,
	"BBRcrossCluster1-6": 0.0,
	"BBRcrossCluster2-1": 0.15974441,
	"BBRcrossCluster2-3": 0.3382732,
	"BBRcrossCluster2-4": 0.0,
	"BBRcrossCluster2-5": 0.20833334,
	"BBRcrossCluster2-6": 0.0,
	"BBRcrossCluster3-1": 0.0,
	"BBRcrossCluster3-2": 0.08365867,
	"BBRcrossCluster3-4": 0.0,
	"BBRcrossCluster3-5": 0.0,
	"BBRcrossCluster3-6": 0.0,
	"BBRcrossCluster4-1": 0.0,
	"BBRcrossCluster4-2": 0.0,
	"BBRcrossCluster4-3": 0.0,
	"BBRcrossCluster4-5": 0.0,
	"BBRcrossCluster4-6": 0.0,
	"BBRcrossCluster5-1": 0.0,
	"BBRcrossCluster5-2": 0.0,
	"BBRcrossCluster5-3": 0.36253774,
	"BBRcrossCluster5-4": 0.0,
	"BBRcrossCluster5-6": 0.0,
	"BBRcrossCluster6-1": 0.0,
	"BBRcrossCluster6-2": 0.0,
	"BBRcrossCluster6-3": 0.0,
	"BBRcrossCluster5-4": 0.0,
	"BBRcrossCluster6-5": 0.0,
	"LP": 99960,
	"TR": 1.0,
	"VH": 1.0,
	"PH": 3.521608643457383,
	"OXCAST": 0.7168432519873755,
	"Spec": 81.58333333333333,
	"Frag": 23.023288778116342,
	"PC": 1812380.5376648165,
	"TP": 1.8116715364860544E11,
	"EE": 0.013880042299926903,
	"EEE": 0.01386703571590451,
	"BPSK": 100.0,
	"QPSK": 0.0,
	"8QAM": 0.0,
	"16QAM": 0.0,
	"32QAM": 0.0,
	"64QAM": 0.0,
	"MetCos":0.0,
	"MetPC":0.0,
	"LPGrooming": 0.0,
	"STP": 0.004316362545017372,
	"TSTP": 431.4635999999365,
	"STmax": 0.0,
	"TSTmax": 0.0,
	"JFI_BR": 0.010066059,
	"JFI_BBR": 0.011259783,
	"Time(ms)": 0.11951
}

