{
	"Load": 180.0,
	"TDR": 2498972186,
	"TDT": 2445564352,
	"BR": 0.99099994,
	"BRInnerGroup0-0": 1.0380212,
	"BRInnerGroup1-1": 0.77135915,
	"BRInnerGroup2-2": 1.5447992,
	"BRInnerCluster1": 0.58381987,
	"BRInnerCluster2": 0.08192245,
	"BRInnerCluster3": 0.061387353,
	"BRInnerCluster4": 0.58381987,
	"BRInnerCluster5": 0.08192245,
	"BRInnerCluster6": 0.061387353,
	"BRCrossGroup0-1": 1.3783698,
	"BRCrossGroup0-2": 1.0720412,
	"BRCrossGroup1-0": 0.40550324,
	"BRCrossGroup1-2": 0.33482143,
	"BRCrossGroup2-0": 0.9534128,
	"BRCrossGroup2-1": 0.7904271,
	"BRCrossCluster1-2": 1.907357,
	"BRCrossCluster1-3": 0.58035713,
	"BRCrossCluster1-4": 2.326214,
	"BRCrossCluster1-5": 1.2,
	"BRCrossCluster1-6": 1.2173914,
	"BRCrossCluster2-1": 1.3902439,
	"BRCrossCluster2-3": 2.656028,
	"BRCrossCluster2-4": 0.02689618,
	"BRCrossCluster2-5": 1.721763,
	"BRCrossCluster2-6": 0.18903592,
	"BRCrossCluster3-1": 0.13676149,
	"BRCrossCluster3-2": 0.96748185,
	"BRCrossCluster3-4": 1.5719467,
	"BRCrossCluster3-5": 0.6144393,
	"BRCrossCluster3-6": 0.0,
	"BRCrossCluster4-1": 0.47233468,
	"BRCrossCluster4-2": 0.034952812,
	"BRCrossCluster4-3": 1.1265936,
	"BRCrossCluster4-5": 0.36730945,
	"BRCrossCluster4-6": 0.0,
	"BRCrossCluster5-1": 0.9810792,
	"BRCrossCluster5-2": 1.3812155,
	"BRCrossCluster5-3": 1.1376896,
	"BRCrossCluster5-4": 0.7625272,
	"BRCrossCluster5-6": 1.946472,
	"BRCrossCluster6-1": 1.0733453,
	"BRCrossCluster6-2": 0.3439381,
	"BRCrossCluster6-3": 0.42602634,
	"BRCrossCluster6-4": 0.41884816,
	"BRCrossCluster6-5": 1.7632242,
	"BBR": 2.1553001,
	"BBRinnerGroup0-0": 2.0788722,
	"BBRinnerGroup1-1": 1.7491003,
	"BBRinnerGroup2-2": 3.104657,
	"BBRinnerCluster1": 1.0024719,
	"BBRinnerCluster2": 0.21929824,
	"BBRinnerCluster3": 0.09103323,
	"BBRinnerCluster4": 0.0,
	"BBRinnerCluster5": 0.9302325,
	"BBRinnerCluster6": 0.0,
	"BBRcrossGroup0-1": 2.9354408,
	"BBRcrossGroup0-2": 2.3412097,
	"BBRcrossGroup1-0": 0.98840183,
	"BBRcrossGroup1-2": 0.79921484,
	"BBRcrossGroup2-0": 2.1671495,
	"BBRcrossGroup2-1": 1.9677403,
	"BBRcrossCluster1-2": 3.555445,
	"BBRcrossCluster1-3": 1.4941183,
	"BBRcrossCluster1-4": 4.821514,
	"BBRcrossCluster1-5": 3.1028666,
	"BBRcrossCluster1-6": 2.271715,
	"BBRcrossCluster2-1": 2.9960706,
	"BBRcrossCluster2-3": 5.521405,
	"BBRcrossCluster2-4": 0.080607235,
	"BBRcrossCluster2-5": 3.8911846,
	"BBRcrossCluster2-6": 0.48332527,
	"BBRcrossCluster3-1": 0.41835168,
	"BBRcrossCluster3-2": 2.2231045,
	"BBRcrossCluster3-4": 3.8625956,
	"BBRcrossCluster3-5": 1.3730875,
	"BBRcrossCluster3-6": 0.0,
	"BBRcrossCluster4-1": 1.1482433,
	"BBRcrossCluster4-2": 0.10585744,
	"BBRcrossCluster4-3": 2.3877459,
	"BBRcrossCluster4-5": 1.0180472,
	"BBRcrossCluster4-6": 0.0,
	"BBRcrossCluster5-1": 2.192667,
	"BBRcrossCluster5-2": 2.9532967,
	"BBRcrossCluster5-3": 2.6870546,
	"BBRcrossCluster5-4": 1.9276232,
	"BBRcrossCluster5-6": 4.225352,
	"BBRcrossCluster6-1": 2.4542615,
	"BBRcrossCluster6-2": 0.9220453,
	"BBRcrossCluster6-3": 1.16189,
	"BBRcrossCluster5-4": 1.0076903,
	"BBRcrossCluster6-5": 3.3419025,
	"LP": 99009,
	"TR": 1.0,
	"VH": 1.0,
	"PH": 3.539971113737135,
	"OXCAST": 0.07410816280407123,
	"Spec": 72.7,
	"Frag": 34.0369913456037,
	"PC": 1819734.5708674719,
	"TP": 1.8017133059676343E11,
	"EE": 0.013573548821001669,
	"EEE": 0.013280998104207955,
	"BPSK": 100.0,
	"QPSK": 0.0,
	"8QAM": 0.0,
	"16QAM": 0.0,
	"32QAM": 0.0,
	"64QAM": 0.0,
	"MetCos":0.0,
	"MetPC":0.0,
	"LPGrooming": 0.0,
	"STP": 0.00433876475875869,
	"TSTP": 429.5767599999391,
	"STmax": 0.0,
	"TSTmax": 0.0,
	"JFI_BR": 0.097138,
	"JFI_BBR": 0.113989525,
	"Time(ms)": 0.11143
}

