{
	"Load": 240.0,
	"TDR": 2518368159,
	"TDT": 2338362218,
	"BR": 3.573,
	"BRInnerGroup0-0": 3.433681,
	"BRInnerGroup1-1": 3.2854893,
	"BRInnerGroup2-2": 6.143001,
	"BRInnerCluster1": 2.1570797,
	"BRInnerCluster2": 0.960483,
	"BRInnerCluster3": 0.7749627,
	"BRInnerCluster4": 2.1570797,
	"BRInnerCluster5": 0.960483,
	"BRInnerCluster6": 0.7749627,
	"BRCrossGroup0-1": 4.7058825,
	"BRCrossGroup0-2": 3.4790173,
	"BRCrossGroup1-0": 1.9353452,
	"BRCrossGroup1-2": 1.9071311,
	"BRCrossGroup2-0": 3.351836,
	"BRCrossGroup2-1": 2.9982364,
	"BRCrossCluster1-2": 5.053257,
	"BRCrossCluster1-3": 2.4265928,
	"BRCrossCluster1-4": 6.9953814,
	"BRCrossCluster1-5": 3.1120331,
	"BRCrossCluster1-6": 3.2258062,
	"BRCrossCluster2-1": 5.263158,
	"BRCrossCluster2-3": 8.953411,
	"BRCrossCluster2-4": 0.5485463,
	"BRCrossCluster2-5": 4.6671243,
	"BRCrossCluster2-6": 2.5915997,
	"BRCrossCluster3-1": 0.4713058,
	"BRCrossCluster3-2": 3.942181,
	"BRCrossCluster3-4": 5.131301,
	"BRCrossCluster3-5": 3.3282905,
	"BRCrossCluster3-6": 0.28735632,
	"BRCrossCluster4-1": 3.0841434,
	"BRCrossCluster4-2": 0.1700102,
	"BRCrossCluster4-3": 5.9370317,
	"BRCrossCluster4-5": 2.1415272,
	"BRCrossCluster4-6": 0.630517,
	"BRCrossCluster5-1": 3.2103825,
	"BRCrossCluster5-2": 4.4414535,
	"BRCrossCluster5-3": 4.9984856,
	"BRCrossCluster5-4": 2.5565023,
	"BRCrossCluster5-6": 7.4270554,
	"BRCrossCluster6-1": 3.9252336,
	"BRCrossCluster6-2": 1.8644068,
	"BRCrossCluster6-3": 1.435778,
	"BRCrossCluster6-4": 1.3909588,
	"BRCrossCluster6-5": 8.270677,
	"BBR": 7.1973367,
	"BBRinnerGroup0-0": 6.472888,
	"BBRinnerGroup1-1": 6.7244754,
	"BBRinnerGroup2-2": 12.649661,
	"BBRinnerCluster1": 4.403212,
	"BBRinnerCluster2": 2.3198013,
	"BBRinnerCluster3": 1.679187,
	"BBRinnerCluster4": 0.24612355,
	"BBRinnerCluster5": 3.8057745,
	"BBRinnerCluster6": 0.0,
	"BBRcrossGroup0-1": 9.252928,
	"BBRcrossGroup0-2": 7.0304976,
	"BBRcrossGroup1-0": 4.1098857,
	"BBRcrossGroup1-2": 4.3993464,
	"BBRcrossGroup2-0": 6.9385595,
	"BBRcrossGroup2-1": 6.8718953,
	"BBRcrossCluster1-2": 8.990556,
	"BBRcrossCluster1-3": 5.164398,
	"BBRcrossCluster1-4": 13.1628275,
	"BBRcrossCluster1-5": 6.556814,
	"BBRcrossCluster1-6": 6.2689147,
	"BBRcrossCluster2-1": 9.417319,
	"BBRcrossCluster2-3": 17.482557,
	"BBRcrossCluster2-4": 1.4168128,
	"BBRcrossCluster2-5": 9.612772,
	"BBRcrossCluster2-6": 5.0,
	"BBRcrossCluster3-1": 1.1464088,
	"BBRcrossCluster3-2": 8.060253,
	"BBRcrossCluster3-4": 10.580309,
	"BBRcrossCluster3-5": 7.6128535,
	"BBRcrossCluster3-6": 0.7696008,
	"BBRcrossCluster4-1": 6.818963,
	"BBRcrossCluster4-2": 0.4728931,
	"BBRcrossCluster4-3": 12.083586,
	"BBRcrossCluster4-5": 4.842394,
	"BBRcrossCluster4-6": 1.4571949,
	"BBRcrossCluster5-1": 7.135362,
	"BBRcrossCluster5-2": 9.516077,
	"BBRcrossCluster5-3": 11.059283,
	"BBRcrossCluster5-4": 5.523256,
	"BBRcrossCluster5-6": 15.426251,
	"BBRcrossCluster6-1": 6.7819753,
	"BBRcrossCluster6-2": 4.1988006,
	"BBRcrossCluster6-3": 3.5932724,
	"BBRcrossCluster5-4": 3.420724,
	"BBRcrossCluster6-5": 16.580976,
	"LP": 96427,
	"TR": 1.0,
	"VH": 1.0,
	"PH": 3.5090794072199696,
	"OXCAST": 0.03282351177538659,
	"Spec": 65.21666666666667,
	"Frag": 41.684955476105074,
	"PC": 1807340.4411630803,
	"TP": 1.7427821584127466E11,
	"EE": 0.013417409667136384,
	"EEE": 0.012451713520498101,
	"BPSK": 100.0,
	"QPSK": 0.0,
	"8QAM": 0.0,
	"16QAM": 0.0,
	"32QAM": 0.0,
	"64QAM": 0.0,
	"MetCos":0.0,
	"MetPC":0.0,
	"LPGrooming": 0.0,
	"STP": 0.004301076876807896,
	"TSTP": 414.739939999955,
	"STmax": 0.0,
	"TSTmax": 0.0,
	"JFI_BR": 0.19030434,
	"JFI_BBR": 0.22983535,
	"Time(ms)": 0.17806
}

