{
	"Load": 240.0,
	"TDR": 2502554587,
	"TDT": 2322841341,
	"BR": 3.4910002,
	"BRInnerGroup0-0": 3.188304,
	"BRInnerGroup1-1": 3.4288597,
	"BRInnerGroup2-2": 6.311637,
	"BRInnerCluster1": 2.220417,
	"BRInnerCluster2": 0.89576554,
	"BRInnerCluster3": 0.68330365,
	"BRInnerCluster4": 2.220417,
	"BRInnerCluster5": 0.89576554,
	"BRInnerCluster6": 0.68330365,
	"BRCrossGroup0-1": 4.714604,
	"BRCrossGroup0-2": 3.4041631,
	"BRCrossGroup1-0": 1.6397042,
	"BRCrossGroup1-2": 1.3557483,
	"BRCrossGroup2-0": 3.5659592,
	"BRCrossGroup2-1": 2.824419,
	"BRCrossCluster1-2": 4.251616,
	"BRCrossCluster1-3": 3.043056,
	"BRCrossCluster1-4": 6.811914,
	"BRCrossCluster1-5": 4.3624163,
	"BRCrossCluster1-6": 2.474794,
	"BRCrossCluster2-1": 5.1529016,
	"BRCrossCluster2-3": 8.814456,
	"BRCrossCluster2-4": 0.36605206,
	"BRCrossCluster2-5": 4.30622,
	"BRCrossCluster2-6": 1.8766755,
	"BRCrossCluster3-1": 0.36061028,
	"BRCrossCluster3-2": 3.6438358,
	"BRCrossCluster3-4": 5.3631625,
	"BRCrossCluster3-5": 2.1100228,
	"BRCrossCluster3-6": 0.0952381,
	"BRCrossCluster4-1": 2.4966261,
	"BRCrossCluster4-2": 0.035211265,
	"BRCrossCluster4-3": 6.3653135,
	"BRCrossCluster4-5": 1.6274863,
	"BRCrossCluster4-6": 0.7434944,
	"BRCrossCluster5-1": 4.7425475,
	"BRCrossCluster5-2": 3.4098816,
	"BRCrossCluster5-3": 5.1669087,
	"BRCrossCluster5-4": 1.941378,
	"BRCrossCluster5-6": 9.625669,
	"BRCrossCluster6-1": 3.3243484,
	"BRCrossCluster6-2": 1.9266056,
	"BRCrossCluster6-3": 1.3163143,
	"BRCrossCluster6-4": 0.86119556,
	"BRCrossCluster6-5": 6.6985645,
	"BBR": 7.1463265,
	"BBRinnerGroup0-0": 6.2570267,
	"BBRinnerGroup1-1": 7.318832,
	"BBRinnerGroup2-2": 12.911144,
	"BBRinnerCluster1": 4.640178,
	"BBRinnerCluster2": 2.26937,
	"BBRinnerCluster3": 1.8315568,
	"BBRinnerCluster4": 0.3988036,
	"BBRinnerCluster5": 4.4258375,
	"BBRinnerCluster6": 0.0,
	"BBRcrossGroup0-1": 9.365659,
	"BBRcrossGroup0-2": 6.614241,
	"BBRcrossGroup1-0": 3.7484396,
	"BBRcrossGroup1-2": 3.2437568,
	"BBRcrossGroup2-0": 7.3490524,
	"BBRcrossGroup2-1": 6.3139834,
	"BBRcrossCluster1-2": 7.8188257,
	"BBRcrossCluster1-3": 7.0774803,
	"BBRcrossCluster1-4": 13.12709,
	"BBRcrossCluster1-5": 9.334249,
	"BBRcrossCluster1-6": 4.3438916,
	"BBRcrossCluster2-1": 9.907862,
	"BBRcrossCluster2-3": 16.608046,
	"BBRcrossCluster2-4": 0.9903676,
	"BBRcrossCluster2-5": 7.520604,
	"BBRcrossCluster2-6": 3.8910503,
	"BBRcrossCluster3-1": 0.7798357,
	"BBRcrossCluster3-2": 8.444689,
	"BBRcrossCluster3-4": 11.562306,
	"BBRcrossCluster3-5": 5.3254437,
	"BBRcrossCluster3-6": 0.28328612,
	"BBRcrossCluster4-1": 5.4794517,
	"BBRcrossCluster4-2": 0.1079525,
	"BBRcrossCluster4-3": 13.038093,
	"BBRcrossCluster4-5": 3.883495,
	"BBRcrossCluster4-6": 1.4723927,
	"BBRcrossCluster5-1": 9.949066,
	"BBRcrossCluster5-2": 7.1755185,
	"BBRcrossCluster5-3": 11.022614,
	"BBRcrossCluster5-4": 4.2998476,
	"BBRcrossCluster5-6": 19.840214,
	"BBRcrossCluster6-1": 6.536541,
	"BBRcrossCluster6-2": 4.2890444,
	"BBRcrossCluster6-3": 3.1990283,
	"BBRcrossCluster5-4": 2.1414344,
	"BBRcrossCluster6-5": 14.0221405,
	"LP": 96509,
	"TR": 1.0,
	"VH": 1.0,
	"PH": 3.5075070718793064,
	"OXCAST": 0.03445733028409259,
	"Spec": 65.60833333333333,
	"Frag": 41.15765378005775,
	"PC": 1806709.1655609703,
	"TP": 1.7436401563225098E11,
	"EE": 0.01332179310379658,
	"EEE": 0.012369774267362875,
	"BPSK": 100.0,
	"QPSK": 0.0,
	"8QAM": 0.0,
	"16QAM": 0.0,
	"32QAM": 0.0,
	"64QAM": 0.0,
	"MetCos":0.0,
	"MetPC":0.0,
	"LPGrooming": 0.0,
	"STP": 0.004299158627692214,
	"TSTP": 414.9074999999479,
	"STmax": 0.0,
	"TSTmax": 0.0,
	"JFI_BR": 0.18439464,
	"JFI_BBR": 0.21513912,
	"Time(ms)": 0.19928
}

