{
	"Load": 120.0,
	"TDR": 2518368159,
	"TDT": 2514016598,
	"BR": 0.08,
	"BRInnerGroup0-0": 0.08345753,
	"BRInnerGroup1-1": 0.033186756,
	"BRInnerGroup2-2": 0.10070494,
	"BRInnerCluster1": 0.027654868,
	"BRInnerCluster2": 0.0,
	"BRInnerCluster3": 0.0,
	"BRInnerCluster4": 0.027654868,
	"BRInnerCluster5": 0.0,
	"BRInnerCluster6": 0.0,
	"BRCrossGroup0-1": 0.13136768,
	"BRCrossGroup0-2": 0.10871929,
	"BRCrossGroup1-0": 0.01433589,
	"BRCrossGroup1-2": 0.055279158,
	"BRCrossGroup2-0": 0.021349274,
	"BRCrossGroup2-1": 0.06613757,
	"BRCrossCluster1-2": 0.17339608,
	"BRCrossCluster1-3": 0.022160664,
	"BRCrossCluster1-4": 0.36674818,
	"BRCrossCluster1-5": 0.1383126,
	"BRCrossCluster1-6": 0.0,
	"BRCrossCluster2-1": 0.09930486,
	"BRCrossCluster2-3": 0.17663944,
	"BRCrossCluster2-4": 0.0,
	"BRCrossCluster2-5": 0.2745367,
	"BRCrossCluster2-6": 0.0,
	"BRCrossCluster3-1": 0.0,
	"BRCrossCluster3-2": 0.05256242,
	"BRCrossCluster3-4": 0.030184124,
	"BRCrossCluster3-5": 0.075642966,
	"BRCrossCluster3-6": 0.0,
	"BRCrossCluster4-1": 0.0,
	"BRCrossCluster4-2": 0.0,
	"BRCrossCluster4-3": 0.089955024,
	"BRCrossCluster4-5": 0.09310987,
	"BRCrossCluster4-6": 0.0,
	"BRCrossCluster5-1": 0.06830601,
	"BRCrossCluster5-2": 0.06729475,
	"BRCrossCluster5-3": 0.15146926,
	"BRCrossCluster5-4": 0.03705076,
	"BRCrossCluster5-6": 0.0,
	"BRCrossCluster6-1": 0.0,
	"BRCrossCluster6-2": 0.0,
	"BRCrossCluster6-3": 0.0,
	"BRCrossCluster6-4": 0.0,
	"BRCrossCluster6-5": 0.25062656,
	"BBR": 0.18119378,
	"BBRinnerGroup0-0": 0.16711928,
	"BBRinnerGroup1-1": 0.1000542,
	"BBRinnerGroup2-2": 0.10411245,
	"BBRinnerCluster1": 0.08307948,
	"BBRinnerCluster2": 0.0,
	"BBRinnerCluster3": 0.0,
	"BBRinnerCluster4": 0.0,
	"BBRinnerCluster5": 0.0,
	"BBRinnerCluster6": 0.0,
	"BBRcrossGroup0-1": 0.28515312,
	"BBRcrossGroup0-2": 0.2247191,
	"BBRcrossGroup1-0": 0.036051627,
	"BBRcrossGroup1-2": 0.16344321,
	"BBRcrossGroup2-0": 0.06355932,
	"BBRcrossGroup2-1": 0.19649583,
	"BBRcrossCluster1-2": 0.24530847,
	"BBRcrossCluster1-3": 0.044810396,
	"BBRcrossCluster1-4": 0.7498661,
	"BBRcrossCluster1-5": 0.41194648,
	"BBRcrossCluster1-6": 0.0,
	"BBRcrossCluster2-1": 0.2733259,
	"BBRcrossCluster2-3": 0.4208661,
	"BBRcrossCluster2-4": 0.0,
	"BBRcrossCluster2-5": 0.44157606,
	"BBRcrossCluster2-6": 0.0,
	"BBRcrossCluster3-1": 0.0,
	"BBRcrossCluster3-2": 0.1321353,
	"BBRcrossCluster3-4": 0.09186954,
	"BBRcrossCluster3-5": 0.22953327,
	"BBRcrossCluster3-6": 0.0,
	"BBRcrossCluster4-1": 0.0,
	"BBRcrossCluster4-2": 0.0,
	"BBRcrossCluster4-3": 0.2725621,
	"BBRcrossCluster4-5": 0.27409777,
	"BBRcrossCluster4-6": 0.0,
	"BBRcrossCluster5-1": 0.20986357,
	"BBRcrossCluster5-2": 0.1299123,
	"BBRcrossCluster5-3": 0.45139933,
	"BBRcrossCluster5-4": 0.109011635,
	"BBRcrossCluster5-6": 0.0,
	"BBRcrossCluster6-1": 0.0,
	"BBRcrossCluster6-2": 0.0,
	"BBRcrossCluster6-3": 0.0,
	"BBRcrossCluster5-4": 0.0,
	"BBRcrossCluster6-5": 0.2570694,
	"LP": 99920,
	"TR": 1.0,
	"VH": 1.0,
	"PH": 3.5294835868694956,
	"OXCAST": 0.6623749842014609,
	"Spec": 81.33333333333333,
	"Frag": 23.471768204850093,
	"PC": 1815538.0273061036,
	"TP": 1.8141037648655945E11,
	"EE": 0.013858174194276375,
	"EEE": 0.013833064044077184,
	"BPSK": 100.0,
	"QPSK": 0.0,
	"8QAM": 0.0,
	"16QAM": 0.0,
	"32QAM": 0.0,
	"64QAM": 0.0,
	"MetCos":0.0,
	"MetPC":0.0,
	"LPGrooming": 0.0,
	"STP": 0.004325969975980164,
	"TSTP": 432.250919999938,
	"STmax": 0.0,
	"TSTmax": 0.0,
	"JFI_BR": 0.024740525,
	"JFI_BBR": 0.024466744,
	"Time(ms)": 0.17564
}

