{
	"Load": 120.0,
	"TDR": 2498972186,
	"TDT": 2495816626,
	"BR": 0.053999998,
	"BRInnerGroup0-0": 0.0830417,
	"BRInnerGroup1-1": 0.0,
	"BRInnerGroup2-2": 0.10298662,
	"BRInnerCluster1": 0.05560189,
	"BRInnerCluster2": 0.0,
	"BRInnerCluster3": 0.0,
	"BRInnerCluster4": 0.05560189,
	"BRInnerCluster5": 0.0,
	"BRInnerCluster6": 0.0,
	"BRCrossGroup0-1": 0.09866225,
	"BRCrossGroup0-2": 0.021440824,
	"BRCrossGroup1-0": 0.00724113,
	"BRCrossGroup1-2": 0.027901787,
	"BRCrossGroup2-0": 0.021668473,
	"BRCrossGroup2-1": 0.010978153,
	"BRCrossCluster1-2": 0.22293784,
	"BRCrossCluster1-3": 0.011160715,
	"BRCrossCluster1-4": 0.23126106,
	"BRCrossCluster1-5": 0.0,
	"BRCrossCluster1-6": 0.08695652,
	"BRCrossCluster2-1": 0.07317073,
	"BRCrossCluster2-3": 0.1748825,
	"BRCrossCluster2-4": 0.0,
	"BRCrossCluster2-5": 0.0,
	"BRCrossCluster2-6": 0.0,
	"BRCrossCluster3-1": 0.0,
	"BRCrossCluster3-2": 0.026874498,
	"BRCrossCluster3-4": 0.0,
	"BRCrossCluster3-5": 0.07680491,
	"BRCrossCluster3-6": 0.0,
	"BRCrossCluster4-1": 0.0,
	"BRCrossCluster4-2": 0.0,
	"BRCrossCluster4-3": 0.0,
	"BRCrossCluster4-5": 0.0,
	"BRCrossCluster4-6": 0.0,
	"BRCrossCluster5-1": 0.070077084,
	"BRCrossCluster5-2": 0.0,
	"BRCrossCluster5-3": 0.029171528,
	"BRCrossCluster5-4": 0.0,
	"BRCrossCluster5-6": 0.243309,
	"BRCrossCluster6-1": 0.0,
	"BRCrossCluster6-2": 0.0,
	"BRCrossCluster6-3": 0.0,
	"BRCrossCluster6-4": 0.0,
	"BRCrossCluster6-5": 0.0,
	"BBR": 0.12539564,
	"BBRinnerGroup0-0": 0.19628836,
	"BBRinnerGroup1-1": 0.0,
	"BBRinnerGroup2-2": 0.30045068,
	"BBRinnerCluster1": 0.13732491,
	"BBRinnerCluster2": 0.0,
	"BBRinnerCluster3": 0.0,
	"BBRinnerCluster4": 0.0,
	"BBRinnerCluster5": 0.0,
	"BBRinnerCluster6": 0.0,
	"BBRcrossGroup0-1": 0.2241239,
	"BBRcrossGroup0-2": 0.021677867,
	"BBRcrossGroup1-0": 0.021883436,
	"BBRcrossGroup1-2": 0.08412787,
	"BBRcrossGroup2-0": 0.064370774,
	"BBRcrossGroup2-1": 0.02217172,
	"BBRcrossCluster1-2": 0.47240177,
	"BBRcrossCluster1-3": 0.03345041,
	"BBRcrossCluster1-4": 0.5158539,
	"BBRcrossCluster1-5": 0.0,
	"BBRcrossCluster1-6": 0.08908686,
	"BBRcrossCluster2-1": 0.22102161,
	"BBRcrossCluster2-3": 0.4006586,
	"BBRcrossCluster2-4": 0.0,
	"BBRcrossCluster2-5": 0.0,
	"BBRcrossCluster2-6": 0.0,
	"BBRcrossCluster3-1": 0.0,
	"BBRcrossCluster3-2": 0.07939659,
	"BBRcrossCluster3-4": 0.0,
	"BBRcrossCluster3-5": 0.23538643,
	"BBRcrossCluster3-6": 0.0,
	"BBRcrossCluster4-1": 0.0,
	"BBRcrossCluster4-2": 0.0,
	"BBRcrossCluster4-3": 0.0,
	"BBRcrossCluster4-5": 0.0,
	"BBRcrossCluster4-6": 0.0,
	"BBRcrossCluster5-1": 0.2156722,
	"BBRcrossCluster5-2": 0.0,
	"BBRcrossCluster5-3": 0.059382424,
	"BBRcrossCluster5-4": 0.0,
	"BBRcrossCluster5-6": 0.70422536,
	"BBRcrossCluster6-1": 0.0,
	"BBRcrossCluster6-2": 0.0,
	"BBRcrossCluster6-3": 0.0,
	"BBRcrossCluster5-4": 0.0,
	"BBRcrossCluster6-5": 0.0,
	"LP": 99946,
	"TR": 1.0,
	"VH": 1.0,
	"PH": 3.5406019250395215,
	"OXCAST": 0.6221290744003288,
	"Spec": 81.45833333333333,
	"Frag": 23.206724690597706,
	"PC": 1819993.3672853857,
	"TP": 1.8190221828875195E11,
	"EE": 0.013720649750615661,
	"EEE": 0.01370344465394844,
	"BPSK": 100.0,
	"QPSK": 0.0,
	"8QAM": 0.0,
	"16QAM": 0.0,
	"32QAM": 0.0,
	"64QAM": 0.0,
	"MetCos":0.0,
	"MetPC":0.0,
	"LPGrooming": 0.0,
	"STP": 0.004339534348547556,
	"TSTP": 433.7190999999341,
	"STmax": 0.0,
	"TSTmax": 0.0,
	"JFI_BR": 0.025598325,
	"JFI_BBR": 0.026340133,
	"Time(ms)": 0.27355
}

