{
	"Load": 270.0,
	"TDR": 2498972186,
	"TDT": 2236660864,
	"BR": 5.3849998,
	"BRInnerGroup0-0": 4.994365,
	"BRInnerGroup1-1": 5.1563683,
	"BRInnerGroup2-2": 9.989701,
	"BRInnerCluster1": 3.6975257,
	"BRInnerCluster2": 1.2288368,
	"BRInnerCluster3": 1.0128913,
	"BRInnerCluster4": 3.6975257,
	"BRInnerCluster5": 1.2288368,
	"BRInnerCluster6": 1.0128913,
	"BRCrossGroup0-1": 7.0195293,
	"BRCrossGroup0-2": 5.445969,
	"BRCrossGroup1-0": 3.229544,
	"BRCrossGroup1-2": 1.8973215,
	"BRCrossGroup2-0": 4.3336945,
	"BRCrossGroup2-1": 4.8743,
	"BRCrossCluster1-2": 7.2330937,
	"BRCrossCluster1-3": 4.296875,
	"BRCrossCluster1-4": 9.372874,
	"BRCrossCluster1-5": 5.4,
	"BRCrossCluster1-6": 3.652174,
	"BRCrossCluster2-1": 7.02439,
	"BRCrossCluster2-3": 13.214559,
	"BRCrossCluster2-4": 1.048951,
	"BRCrossCluster2-5": 7.713499,
	"BRCrossCluster2-6": 3.8752363,
	"BRCrossCluster3-1": 0.8752735,
	"BRCrossCluster3-2": 7.014243,
	"BRCrossCluster3-4": 7.617896,
	"BRCrossCluster3-5": 2.764977,
	"BRCrossCluster3-6": 0.407332,
	"BRCrossCluster4-1": 4.5546556,
	"BRCrossCluster4-2": 0.34952813,
	"BRCrossCluster4-3": 9.605692,
	"BRCrossCluster4-5": 2.1120293,
	"BRCrossCluster4-6": 1.5873017,
	"BRCrossCluster5-1": 4.6951647,
	"BRCrossCluster5-2": 6.2845306,
	"BRCrossCluster5-3": 6.9428234,
	"BRCrossCluster5-4": 4.030501,
	"BRCrossCluster5-6": 12.16545,
	"BRCrossCluster6-1": 4.293381,
	"BRCrossCluster6-2": 3.3533964,
	"BRCrossCluster6-3": 3.2920215,
	"BRCrossCluster6-4": 3.5602093,
	"BRCrossCluster6-5": 11.838791,
	"BBR": 10.375235,
	"BBRinnerGroup0-0": 9.166072,
	"BBRinnerGroup1-1": 9.963177,
	"BBRinnerGroup2-2": 18.42764,
	"BBRinnerCluster1": 6.6739907,
	"BBRinnerCluster2": 3.1798248,
	"BBRinnerCluster3": 2.4427247,
	"BBRinnerCluster4": 0.7808687,
	"BBRinnerCluster5": 8.139535,
	"BBRinnerCluster6": 0.0,
	"BBRcrossGroup0-1": 13.150541,
	"BBRcrossGroup0-2": 10.502926,
	"BBRcrossGroup1-0": 6.590561,
	"BBRcrossGroup1-2": 4.528884,
	"BBRcrossGroup2-0": 8.604227,
	"BBRcrossGroup2-1": 10.625796,
	"BBRcrossCluster1-2": 12.543511,
	"BBRcrossCluster1-3": 9.137537,
	"BBRcrossCluster1-4": 17.257032,
	"BBRcrossCluster1-5": 11.163575,
	"BBRcrossCluster1-6": 6.013363,
	"BBRcrossCluster2-1": 13.089392,
	"BBRcrossCluster2-3": 23.320528,
	"BBRcrossCluster2-4": 2.7406461,
	"BBRcrossCluster2-5": 14.393939,
	"BBRcrossCluster2-6": 8.458193,
	"BBRcrossCluster3-1": 2.1614838,
	"BBRcrossCluster3-2": 13.960567,
	"BBRcrossCluster3-4": 14.748092,
	"BBRcrossCluster3-5": 6.551589,
	"BBRcrossCluster3-6": 1.0864197,
	"BBRcrossCluster4-1": 8.877463,
	"BBRcrossCluster4-2": 0.9174312,
	"BBRcrossCluster4-3": 18.351103,
	"BBRcrossCluster4-5": 4.6737623,
	"BBRcrossCluster4-6": 3.787879,
	"BBRcrossCluster5-1": 9.525521,
	"BBRcrossCluster5-2": 11.710165,
	"BBRcrossCluster5-3": 14.979217,
	"BBRcrossCluster5-4": 8.474267,
	"BBRcrossCluster5-6": 23.239437,
	"BBRcrossCluster6-1": 7.3627844,
	"BBRcrossCluster6-2": 6.705784,
	"BBRcrossCluster6-3": 7.0875287,
	"BBRcrossCluster5-4": 8.141077,
	"BBRcrossCluster6-5": 21.8509,
	"LP": 94615,
	"TR": 1.0,
	"VH": 1.0,
	"PH": 3.5065053109971993,
	"OXCAST": 0.01922838591353889,
	"Spec": 62.483333333333334,
	"Frag": 44.12620211173051,
	"PC": 1806299.5515727901,
	"TP": 1.7090381069028146E11,
	"EE": 0.013087249810089746,
	"EEE": 0.011729416939096855,
	"BPSK": 100.0,
	"QPSK": 0.0,
	"8QAM": 0.0,
	"16QAM": 0.0,
	"32QAM": 0.0,
	"64QAM": 0.0,
	"MetCos":0.0,
	"MetPC":0.0,
	"LPGrooming": 0.0,
	"STP": 0.004297936479416132,
	"TSTP": 406.64925999995734,
	"STmax": 0.0,
	"TSTmax": 0.0,
	"JFI_BR": 0.23197243,
	"JFI_BBR": 0.28017265,
	"Time(ms)": 0.28275
}

