{
	"Load": 150.0,
	"TDR": 2517270854,
	"TDT": 2502392613,
	"BR": 0.25800002,
	"BRInnerGroup0-0": 0.22129185,
	"BRInnerGroup1-1": 0.14145449,
	"BRInnerGroup2-2": 0.19286403,
	"BRInnerCluster1": 0.10890281,
	"BRInnerCluster2": 0.0,
	"BRInnerCluster3": 0.0,
	"BRInnerCluster4": 0.10890281,
	"BRInnerCluster5": 0.0,
	"BRInnerCluster6": 0.0,
	"BRCrossGroup0-1": 0.39580506,
	"BRCrossGroup0-2": 0.34805307,
	"BRCrossGroup1-0": 0.06521267,
	"BRCrossGroup1-2": 0.11170064,
	"BRCrossGroup2-0": 0.40485832,
	"BRCrossGroup2-1": 0.19015661,
	"BRCrossCluster1-2": 0.35569108,
	"BRCrossCluster1-3": 0.14090614,
	"BRCrossCluster1-4": 0.67998886,
	"BRCrossCluster1-5": 0.2749141,
	"BRCrossCluster1-6": 0.2754821,
	"BRCrossCluster2-1": 0.46855733,
	"BRCrossCluster2-3": 0.78233844,
	"BRCrossCluster2-4": 0.013577733,
	"BRCrossCluster2-5": 0.47879615,
	"BRCrossCluster2-6": 0.17921147,
	"BRCrossCluster3-1": 0.0,
	"BRCrossCluster3-2": 0.109140515,
	"BRCrossCluster3-4": 0.18034266,
	"BRCrossCluster3-5": 0.24193549,
	"BRCrossCluster3-6": 0.0,
	"BRCrossCluster4-1": 0.13468012,
	"BRCrossCluster4-2": 0.0,
	"BRCrossCluster4-3": 0.32904577,
	"BRCrossCluster4-5": 0.1843318,
	"BRCrossCluster4-6": 0.0,
	"BRCrossCluster5-1": 0.7352941,
	"BRCrossCluster5-2": 0.42432818,
	"BRCrossCluster5-3": 0.4518072,
	"BRCrossCluster5-4": 0.07558579,
	"BRCrossCluster5-6": 0.25252524,
	"BRCrossCluster6-1": 0.18066847,
	"BRCrossCluster6-2": 0.0,
	"BRCrossCluster6-3": 0.040064104,
	"BRCrossCluster6-4": 0.0,
	"BRCrossCluster6-5": 0.2570694,
	"BBR": 0.6053378,
	"BBRinnerGroup0-0": 0.46867073,
	"BBRinnerGroup1-1": 0.36004353,
	"BBRinnerGroup2-2": 0.5760922,
	"BBRinnerCluster1": 0.2422611,
	"BBRinnerCluster2": 0.0,
	"BBRinnerCluster3": 0.0,
	"BBRinnerCluster4": 0.0,
	"BBRinnerCluster5": 0.0,
	"BBRinnerCluster6": 0.0,
	"BBRcrossGroup0-1": 0.8946508,
	"BBRcrossGroup0-2": 0.8848591,
	"BBRcrossGroup1-0": 0.1687516,
	"BBRcrossGroup1-2": 0.27643397,
	"BBRcrossGroup2-0": 1.1029803,
	"BBRcrossGroup2-1": 0.46566427,
	"BBRcrossCluster1-2": 0.64217824,
	"BBRcrossCluster1-3": 0.3906886,
	"BBRcrossCluster1-4": 1.3784117,
	"BBRcrossCluster1-5": 0.7114906,
	"BBRcrossCluster1-6": 0.8086253,
	"BBRcrossCluster2-1": 1.0936347,
	"BBRcrossCluster2-3": 1.8041236,
	"BBRcrossCluster2-4": 0.02752546,
	"BBRcrossCluster2-5": 1.2152778,
	"BBRcrossCluster2-6": 0.35304502,
	"BBRcrossCluster3-1": 0.0,
	"BBRcrossCluster3-2": 0.27886224,
	"BBRcrossCluster3-4": 0.45829514,
	"BBRcrossCluster3-5": 0.65546906,
	"BBRcrossCluster3-6": 0.0,
	"BBRcrossCluster4-1": 0.3335001,
	"BBRcrossCluster4-2": 0.0,
	"BBRcrossCluster4-3": 0.8307373,
	"BBRcrossCluster4-5": 0.4708098,
	"BBRcrossCluster4-6": 0.0,
	"BBRcrossCluster5-1": 1.9237148,
	"BBRcrossCluster5-2": 1.1647824,
	"BBRcrossCluster5-3": 1.102719,
	"BBRcrossCluster5-4": 0.22607385,
	"BBRcrossCluster5-6": 0.78534025,
	"BBRcrossCluster6-1": 0.53475934,
	"BBRcrossCluster6-2": 0.0,
	"BBRcrossCluster6-3": 0.0796654,
	"BBRcrossCluster5-4": 0.0,
	"BBRcrossCluster6-5": 0.7884363,
	"LP": 99742,
	"TR": 1.0,
	"VH": 1.0,
	"PH": 3.5235206833630768,
	"OXCAST": 0.25541818672713573,
	"Spec": 77.05833333333334,
	"Frag": 28.923250508333165,
	"PC": 1813145.2595927918,
	"TP": 1.808483898213886E11,
	"EE": 0.01383696374334015,
	"EEE": 0.013753203371623769,
	"BPSK": 100.0,
	"QPSK": 0.0,
	"8QAM": 0.0,
	"16QAM": 0.0,
	"32QAM": 0.0,
	"64QAM": 0.0,
	"MetCos":0.0,
	"MetPC":0.0,
	"LPGrooming": 0.0,
	"STP": 0.0043186952337023335,
	"TSTP": 430.7552999999382,
	"STmax": 0.0,
	"TSTmax": 0.0,
	"JFI_BR": 0.044869542,
	"JFI_BBR": 0.042950224,
	"Time(ms)": 0.11819
}

