{
	"Load": 120.0,
	"TDR": 2502554587,
	"TDT": 2499111719,
	"BR": 0.05,
	"BRInnerGroup0-0": 0.09394633,
	"BRInnerGroup1-1": 0.008404068,
	"BRInnerGroup2-2": 0.09861933,
	"BRInnerCluster1": 0.027078256,
	"BRInnerCluster2": 0.0,
	"BRInnerCluster3": 0.0,
	"BRInnerCluster4": 0.027078256,
	"BRInnerCluster5": 0.0,
	"BRInnerCluster6": 0.0,
	"BRCrossGroup0-1": 0.06081492,
	"BRCrossGroup0-2": 0.0650477,
	"BRCrossGroup1-0": 0.014640216,
	"BRCrossGroup1-2": 0.054229937,
	"BRCrossGroup2-0": 0.0437541,
	"BRCrossGroup2-1": 0.022239521,
	"BRCrossCluster1-2": 0.22376928,
	"BRCrossCluster1-3": 0.0,
	"BRCrossCluster1-4": 0.1792609,
	"BRCrossCluster1-5": 0.1342282,
	"BRCrossCluster1-6": 0.091659024,
	"BRCrossCluster2-1": 0.1203949,
	"BRCrossCluster2-3": 0.07712649,
	"BRCrossCluster2-4": 0.0,
	"BRCrossCluster2-5": 0.0,
	"BRCrossCluster2-6": 0.089365505,
	"BRCrossCluster3-1": 0.027739251,
	"BRCrossCluster3-2": 0.02739726,
	"BRCrossCluster3-4": 0.0,
	"BRCrossCluster3-5": 0.1507159,
	"BRCrossCluster3-6": 0.0,
	"BRCrossCluster4-1": 0.0,
	"BRCrossCluster4-2": 0.0,
	"BRCrossCluster4-3": 0.030750306,
	"BRCrossCluster4-5": 0.0,
	"BRCrossCluster4-6": 0.0,
	"BRCrossCluster5-1": 0.13550135,
	"BRCrossCluster5-2": 0.0,
	"BRCrossCluster5-3": 0.029027576,
	"BRCrossCluster5-4": 0.07613247,
	"BRCrossCluster5-6": 0.26737967,
	"BRCrossCluster6-1": 0.0,
	"BRCrossCluster6-2": 0.0,
	"BRCrossCluster6-3": 0.0,
	"BRCrossCluster6-4": 0.0,
	"BRCrossCluster6-5": 0.0,
	"BBR": 0.12618233,
	"BBRinnerGroup0-0": 0.22779717,
	"BBRinnerGroup1-1": 0.025442056,
	"BBRinnerGroup2-2": 0.0981836,
	"BBRinnerCluster1": 0.027785497,
	"BBRinnerCluster2": 0.0,
	"BBRinnerCluster3": 0.0,
	"BBRinnerCluster4": 0.0,
	"BBRinnerCluster5": 0.0,
	"BBRinnerCluster6": 0.0,
	"BBRcrossGroup0-1": 0.15161797,
	"BBRcrossGroup0-2": 0.19390282,
	"BBRcrossGroup1-0": 0.0440561,
	"BBRcrossGroup1-2": 0.16286644,
	"BBRcrossGroup2-0": 0.13221684,
	"BBRcrossGroup2-1": 0.044269826,
	"BBRcrossCluster1-2": 0.5187247,
	"BBRcrossCluster1-3": 0.0,
	"BBRcrossCluster1-4": 0.42502788,
	"BBRcrossCluster1-5": 0.3431709,
	"BBRcrossCluster1-6": 0.27149323,
	"BBRcrossCluster2-1": 0.3589805,
	"BBRcrossCluster2-3": 0.21982855,
	"BBRcrossCluster2-4": 0.0,
	"BBRcrossCluster2-5": 0.0,
	"BBRcrossCluster2-6": 0.25940338,
	"BBRcrossCluster3-1": 0.08355383,
	"BBRcrossCluster3-2": 0.08265601,
	"BBRcrossCluster3-4": 0.0,
	"BBRcrossCluster3-5": 0.4733728,
	"BBRcrossCluster3-6": 0.0,
	"BBRcrossCluster4-1": 0.0,
	"BBRcrossCluster4-2": 0.0,
	"BBRcrossCluster4-3": 0.09290802,
	"BBRcrossCluster4-5": 0.0,
	"BBRcrossCluster4-6": 0.0,
	"BBRcrossCluster5-1": 0.4074703,
	"BBRcrossCluster5-2": 0.0,
	"BBRcrossCluster5-3": 0.056890912,
	"BBRcrossCluster5-4": 0.152207,
	"BBRcrossCluster5-6": 0.2663116,
	"BBRcrossCluster6-1": 0.0,
	"BBRcrossCluster6-2": 0.0,
	"BBRcrossCluster6-3": 0.0,
	"BBRcrossCluster5-4": 0.0,
	"BBRcrossCluster6-5": 0.0,
	"LP": 99950,
	"TR": 1.0,
	"VH": 1.0,
	"PH": 3.5245322661330665,
	"OXCAST": 0.6360793394685322,
	"Spec": 81.60833333333333,
	"Frag": 22.9463770815971,
	"PC": 1813552.4562749777,
	"TP": 1.8126487093821402E11,
	"EE": 0.013787071405864668,
	"EEE": 0.013769674557562705,
	"BPSK": 100.0,
	"QPSK": 0.0,
	"8QAM": 0.0,
	"16QAM": 0.0,
	"32QAM": 0.0,
	"64QAM": 0.0,
	"MetCos":0.0,
	"MetPC":0.0,
	"LPGrooming": 0.0,
	"STP": 0.004319929364681664,
	"TSTP": 431.7769399999324,
	"STmax": 0.0,
	"TSTmax": 0.0,
	"JFI_BR": 0.02322718,
	"JFI_BBR": 0.02102314,
	"Time(ms)": 0.11421
}

