{
	"Load": 300.0,
	"TDR": 2498972186,
	"TDT": 2153502890,
	"BR": 7.484,
	"BRInnerGroup0-0": 6.8983927,
	"BRInnerGroup1-1": 7.269221,
	"BRInnerGroup2-2": 13.491246,
	"BRInnerCluster1": 4.8929667,
	"BRInnerCluster2": 2.211906,
	"BRInnerCluster3": 1.4732965,
	"BRInnerCluster4": 4.8929667,
	"BRInnerCluster5": 2.211906,
	"BRInnerCluster6": 1.4732965,
	"BRCrossGroup0-1": 9.6718025,
	"BRCrossGroup0-2": 7.0754714,
	"BRCrossGroup1-0": 4.576394,
	"BRCrossGroup1-2": 2.9017856,
	"BRCrossGroup2-0": 6.630553,
	"BRCrossGroup2-1": 6.7844987,
	"BRCrossCluster1-2": 9.809264,
	"BRCrossCluster1-3": 6.484375,
	"BRCrossCluster1-4": 12.256836,
	"BRCrossCluster1-5": 7.0,
	"BRCrossCluster1-6": 6.2608695,
	"BRCrossCluster2-1": 10.146341,
	"BRCrossCluster2-3": 17.914526,
	"BRCrossCluster2-4": 1.7616998,
	"BRCrossCluster2-5": 8.884297,
	"BRCrossCluster2-6": 4.7258983,
	"BRCrossCluster3-1": 1.1761489,
	"BRCrossCluster3-2": 9.943563,
	"BRCrossCluster3-4": 10.852479,
	"BRCrossCluster3-5": 4.6850996,
	"BRCrossCluster3-6": 0.71283096,
	"BRCrossCluster4-1": 6.7139,
	"BRCrossCluster4-2": 0.3145753,
	"BRCrossCluster4-3": 13.133709,
	"BRCrossCluster4-5": 2.7548208,
	"BRCrossCluster4-6": 2.0757022,
	"BRCrossCluster5-1": 7.0777855,
	"BRCrossCluster5-2": 8.218232,
	"BRCrossCluster5-3": 9.014002,
	"BRCrossCluster5-4": 6.027596,
	"BRCrossCluster5-6": 17.518248,
	"BRCrossCluster6-1": 5.724508,
	"BRCrossCluster6-2": 5.0730867,
	"BRCrossCluster6-3": 4.4926414,
	"BRCrossCluster6-4": 5.65445,
	"BRCrossCluster6-5": 14.609572,
	"BBR": 13.795024,
	"BBRinnerGroup0-0": 12.107423,
	"BBRinnerGroup1-1": 13.524145,
	"BBRinnerGroup2-2": 23.134703,
	"BBRinnerCluster1": 8.143367,
	"BBRinnerCluster2": 5.276864,
	"BBRinnerCluster3": 3.71719,
	"BBRinnerCluster4": 2.0985847,
	"BBRinnerCluster5": 14.88372,
	"BBRinnerCluster6": 0.0,
	"BBRcrossGroup0-1": 17.26045,
	"BBRcrossGroup0-2": 13.190982,
	"BBRcrossGroup1-0": 9.059742,
	"BBRcrossGroup1-2": 6.2535057,
	"BBRcrossGroup2-0": 12.520117,
	"BBRcrossGroup2-1": 14.212073,
	"BBRcrossCluster1-2": 16.161114,
	"BBRcrossCluster1-3": 12.872833,
	"BBRcrossCluster1-4": 21.32884,
	"BBRcrossCluster1-5": 12.816189,
	"BBRcrossCluster1-6": 10.334076,
	"BBRcrossCluster2-1": 17.951866,
	"BBRcrossCluster2-3": 30.214046,
	"BBRcrossCluster2-4": 4.1848593,
	"BBRcrossCluster2-5": 17.424242,
	"BBRcrossCluster2-6": 9.328177,
	"BBRcrossCluster3-1": 2.8726814,
	"BBRcrossCluster3-2": 19.253674,
	"BBRcrossCluster3-4": 20.229008,
	"BBRcrossCluster3-5": 9.768537,
	"BBRcrossCluster3-6": 1.7777778,
	"BBRcrossCluster4-1": 12.510711,
	"BBRcrossCluster4-2": 0.8468595,
	"BBRcrossCluster4-3": 23.667217,
	"BBRcrossCluster4-5": 5.6455345,
	"BBRcrossCluster4-6": 5.3030305,
	"BBRcrossCluster5-1": 13.695184,
	"BBRcrossCluster5-2": 15.315933,
	"BBRcrossCluster5-3": 17.844418,
	"BBRcrossCluster5-4": 12.911437,
	"BBRcrossCluster5-6": 29.812208,
	"BBRcrossCluster6-1": 9.41544,
	"BBRcrossCluster6-2": 10.22632,
	"BBRcrossCluster6-3": 9.721147,
	"BBRcrossCluster5-4": 12.516575,
	"BBRcrossCluster6-5": 25.96401,
	"LP": 92516,
	"TR": 1.0,
	"VH": 1.0,
	"PH": 3.4868455186129967,
	"OXCAST": 0.018174397072787993,
	"Spec": 59.84166666666667,
	"Frag": 46.19165308448794,
	"PC": 1798412.5489301742,
	"TP": 1.663829560475787E11,
	"EE": 0.012943049824070841,
	"EEE": 0.011157553005101956,
	"BPSK": 100.0,
	"QPSK": 0.0,
	"8QAM": 0.0,
	"16QAM": 0.0,
	"32QAM": 0.0,
	"64QAM": 0.0,
	"MetCos":0.0,
	"MetPC":0.0,
	"LPGrooming": 0.0,
	"STP": 0.004273951532707492,
	"TSTP": 395.4088999999663,
	"STmax": 0.0,
	"TSTmax": 0.0,
	"JFI_BR": 0.2694125,
	"JFI_BBR": 0.32646286,
	"Time(ms)": 0.28706
}

