{
	"Load": 270.0,
	"TDR": 2502554587,
	"TDT": 2245746565,
	"BR": 5.274,
	"BRInnerGroup0-0": 5.043744,
	"BRInnerGroup1-1": 5.319775,
	"BRInnerGroup2-2": 8.284023,
	"BRInnerCluster1": 3.9534252,
	"BRInnerCluster2": 1.5200868,
	"BRInnerCluster3": 1.218063,
	"BRInnerCluster4": 3.9534252,
	"BRInnerCluster5": 1.5200868,
	"BRInnerCluster6": 1.218063,
	"BRCrossGroup0-1": 6.817063,
	"BRCrossGroup0-2": 5.0303555,
	"BRCrossGroup1-0": 2.9939244,
	"BRCrossGroup1-2": 1.9522777,
	"BRCrossGroup2-0": 4.74732,
	"BRCrossGroup2-1": 4.6035805,
	"BRCrossCluster1-2": 6.837394,
	"BRCrossCluster1-3": 4.3487644,
	"BRCrossCluster1-4": 8.825151,
	"BRCrossCluster1-5": 5.704698,
	"BRCrossCluster1-6": 3.7580204,
	"BRCrossCluster2-1": 7.7293525,
	"BRCrossCluster2-3": 13.034376,
	"BRCrossCluster2-4": 1.1117136,
	"BRCrossCluster2-5": 6.08339,
	"BRCrossCluster2-6": 3.753351,
	"BRCrossCluster3-1": 0.9708738,
	"BRCrossCluster3-2": 6.109589,
	"BRCrossCluster3-4": 8.826234,
	"BRCrossCluster3-5": 3.1650338,
	"BRCrossCluster3-6": 0.3809524,
	"BRCrossCluster4-1": 4.5546556,
	"BRCrossCluster4-2": 0.21126762,
	"BRCrossCluster4-3": 9.102091,
	"BRCrossCluster4-5": 2.3508136,
	"BRCrossCluster4-6": 1.2391573,
	"BRCrossCluster5-1": 5.691057,
	"BRCrossCluster5-2": 4.8712597,
	"BRCrossCluster5-3": 7.053701,
	"BRCrossCluster5-4": 4.111153,
	"BRCrossCluster5-6": 12.299465,
	"BRCrossCluster6-1": 4.3126683,
	"BRCrossCluster6-2": 3.4862385,
	"BRCrossCluster6-3": 2.3932989,
	"BRCrossCluster6-4": 2.4822695,
	"BRCrossCluster6-5": 9.090909,
	"BBR": 10.331429,
	"BBRinnerGroup0-0": 9.159222,
	"BBRinnerGroup1-1": 10.443965,
	"BBRinnerGroup2-2": 16.249388,
	"BBRinnerCluster1": 7.2798,
	"BBRinnerCluster2": 3.7061903,
	"BBRinnerCluster3": 3.2727818,
	"BBRinnerCluster4": 1.09671,
	"BBRinnerCluster5": 6.2200956,
	"BBRinnerCluster6": 0.0,
	"BBRcrossGroup0-1": 13.249967,
	"BBRcrossGroup0-2": 9.975224,
	"BBRcrossGroup1-0": 6.410162,
	"BBRcrossGroup1-2": 4.2345276,
	"BBRcrossGroup2-0": 9.596739,
	"BBRcrossGroup2-1": 9.4737425,
	"BBRcrossCluster1-2": 11.601721,
	"BBRcrossCluster1-3": 9.434866,
	"BBRcrossCluster1-4": 17.049889,
	"BBRcrossCluster1-5": 11.805079,
	"BBRcrossCluster1-6": 7.013575,
	"BBRcrossCluster2-1": 14.012205,
	"BBRcrossCluster2-3": 23.944824,
	"BBRcrossCluster2-4": 2.6455026,
	"BBRcrossCluster2-5": 10.989011,
	"BBRcrossCluster2-6": 7.7388673,
	"BBRcrossCluster3-1": 2.339507,
	"BBRcrossCluster3-2": 12.549936,
	"BBRcrossCluster3-4": 16.81649,
	"BBRcrossCluster3-5": 6.42998,
	"BBRcrossCluster3-6": 0.94428706,
	"BBRcrossCluster4-1": 9.721076,
	"BBRcrossCluster4-2": 0.5757467,
	"BBRcrossCluster4-3": 17.280891,
	"BBRcrossCluster4-5": 5.60459,
	"BBRcrossCluster4-6": 2.9447854,
	"BBRcrossCluster5-1": 12.190153,
	"BBRcrossCluster5-2": 9.567358,
	"BBRcrossCluster5-3": 14.052054,
	"BBRcrossCluster5-4": 8.866057,
	"BBRcrossCluster5-6": 24.101198,
	"BBRcrossCluster6-1": 8.034498,
	"BBRcrossCluster6-2": 6.853147,
	"BBRcrossCluster6-3": 5.3857055,
	"BBRcrossCluster5-4": 5.00498,
	"BBRcrossCluster6-5": 18.450184,
	"LP": 94726,
	"TR": 1.0,
	"VH": 1.0,
	"PH": 3.4909000696746406,
	"OXCAST": 0.029197795426745998,
	"Spec": 62.61666666666667,
	"Frag": 43.87849393655897,
	"PC": 1800045.0887342782,
	"TP": 1.7051146772190045E11,
	"EE": 0.01317064825612053,
	"EEE": 0.011809932144887281,
	"BPSK": 100.0,
	"QPSK": 0.0,
	"8QAM": 0.0,
	"16QAM": 0.0,
	"32QAM": 0.0,
	"64QAM": 0.0,
	"MetCos":0.0,
	"MetPC":0.0,
	"LPGrooming": 0.0,
	"STP": 0.004278898085002617,
	"TSTP": 405.3228999999579,
	"STmax": 0.0,
	"TSTmax": 0.0,
	"JFI_BR": 0.22579938,
	"JFI_BBR": 0.26736268,
	"Time(ms)": 0.21341
}

