{
	"Load": 180.0,
	"TDR": 2517270854,
	"TDT": 2468764960,
	"BR": 0.89,
	"BRInnerGroup0-0": 0.9569378,
	"BRInnerGroup1-1": 0.5242137,
	"BRInnerGroup2-2": 1.5429122,
	"BRInnerCluster1": 0.43561125,
	"BRInnerCluster2": 0.08194482,
	"BRInnerCluster3": 0.11719895,
	"BRInnerCluster4": 0.43561125,
	"BRInnerCluster5": 0.08194482,
	"BRInnerCluster6": 0.11719895,
	"BRCrossGroup0-1": 1.276977,
	"BRCrossGroup0-2": 0.957146,
	"BRCrossGroup1-0": 0.34780088,
	"BRCrossGroup1-2": 0.22340128,
	"BRCrossGroup2-0": 1.1293416,
	"BRCrossGroup2-1": 0.6263982,
	"BRCrossCluster1-2": 1.5243902,
	"BRCrossCluster1-3": 0.49859095,
	"BRCrossCluster1-4": 2.012212,
	"BRCrossCluster1-5": 1.0996563,
	"BRCrossCluster1-6": 0.82644624,
	"BRCrossCluster2-1": 1.7016029,
	"BRCrossCluster2-3": 2.6363735,
	"BRCrossCluster2-4": 0.013577733,
	"BRCrossCluster2-5": 1.2995896,
	"BRCrossCluster2-6": 0.44802868,
	"BRCrossCluster3-1": 0.08212428,
	"BRCrossCluster3-2": 0.60027283,
	"BRCrossCluster3-4": 0.60114217,
	"BRCrossCluster3-5": 0.6451613,
	"BRCrossCluster3-6": 0.0,
	"BRCrossCluster4-1": 0.7744108,
	"BRCrossCluster4-2": 0.0,
	"BRCrossCluster4-3": 1.1666168,
	"BRCrossCluster4-5": 0.0,
	"BRCrossCluster4-6": 0.0,
	"BRCrossCluster5-1": 1.3368983,
	"BRCrossCluster5-2": 1.6265912,
	"BRCrossCluster5-3": 1.1746988,
	"BRCrossCluster5-4": 0.6046863,
	"BRCrossCluster5-6": 2.020202,
	"BRCrossCluster6-1": 0.90334237,
	"BRCrossCluster6-2": 0.34334764,
	"BRCrossCluster6-3": 0.16025642,
	"BRCrossCluster6-4": 0.050942436,
	"BRCrossCluster6-5": 2.0565553,
	"BBR": 1.9287626,
	"BBRinnerGroup0-0": 1.9463267,
	"BBRinnerGroup1-1": 1.2475927,
	"BBRinnerGroup2-2": 2.9764762,
	"BBRinnerCluster1": 1.0497981,
	"BBRinnerCluster2": 0.21680216,
	"BBRinnerCluster3": 0.29158768,
	"BBRinnerCluster4": 0.0,
	"BBRinnerCluster5": 1.7348204,
	"BBRinnerCluster6": 0.0,
	"BBRcrossGroup0-1": 2.7330933,
	"BBRcrossGroup0-2": 2.0318987,
	"BBRcrossGroup1-0": 0.84375805,
	"BBRcrossGroup1-2": 0.49758115,
	"BBRcrossGroup2-0": 2.492311,
	"BBRcrossGroup2-1": 1.453097,
	"BBRcrossCluster1-2": 2.928333,
	"BBRcrossCluster1-3": 1.2154756,
	"BBRcrossCluster1-4": 4.107804,
	"BBRcrossCluster1-5": 2.6325152,
	"BBRcrossCluster1-6": 1.6621742,
	"BBRcrossCluster2-1": 3.538953,
	"BBRcrossCluster2-3": 5.594931,
	"BBRcrossCluster2-4": 0.041288193,
	"BBRcrossCluster2-5": 2.6388888,
	"BBRcrossCluster2-6": 0.92674315,
	"BBRcrossCluster3-1": 0.1963259,
	"BBRcrossCluster3-2": 1.4779699,
	"BBRcrossCluster3-4": 1.3901619,
	"BBRcrossCluster3-5": 1.4748054,
	"BBRcrossCluster3-6": 0.0,
	"BBRcrossCluster4-1": 1.8342506,
	"BBRcrossCluster4-2": 0.0,
	"BBRcrossCluster4-3": 2.7740693,
	"BBRcrossCluster4-5": 0.0,
	"BBRcrossCluster4-6": 0.0,
	"BBRcrossCluster5-1": 3.0182421,
	"BBRcrossCluster5-2": 3.0832477,
	"BBRcrossCluster5-3": 2.7643504,
	"BBRcrossCluster5-4": 1.3187641,
	"BBRcrossCluster5-6": 4.188482,
	"BBRcrossCluster6-1": 2.0499108,
	"BBRcrossCluster6-2": 0.61055386,
	"BBRcrossCluster6-3": 0.43815976,
	"BBRcrossCluster5-4": 0.102643065,
	"BBRcrossCluster6-5": 3.942181,
	"LP": 99110,
	"TR": 1.0,
	"VH": 1.0,
	"PH": 3.521239027343356,
	"OXCAST": 0.1006154404543057,
	"Spec": 72.83333333333333,
	"Frag": 33.64563325669377,
	"PC": 1812227.0294072663,
	"TP": 1.7961142045074847E11,
	"EE": 0.013745033326970229,
	"EEE": 0.013479924270970535,
	"BPSK": 100.0,
	"QPSK": 0.0,
	"8QAM": 0.0,
	"16QAM": 0.0,
	"32QAM": 0.0,
	"64QAM": 0.0,
	"MetCos":0.0,
	"MetPC":0.0,
	"LPGrooming": 0.0,
	"STP": 0.0043159116133583,
	"TSTP": 427.74999999994117,
	"STmax": 0.0,
	"TSTmax": 0.0,
	"JFI_BR": 0.09896412,
	"JFI_BBR": 0.10779156,
	"Time(ms)": 0.18866
}

