{
	"Load": 150.0,
	"TDR": 2504070571,
	"TDT": 2485094695,
	"BR": 0.324,
	"BRInnerGroup0-0": 0.40293908,
	"BRInnerGroup1-1": 0.14264138,
	"BRInnerGroup2-2": 0.19646366,
	"BRInnerCluster1": 0.19115238,
	"BRInnerCluster2": 0.0269179,
	"BRInnerCluster3": 0.029967036,
	"BRInnerCluster4": 0.19115238,
	"BRInnerCluster5": 0.0269179,
	"BRInnerCluster6": 0.029967036,
	"BRCrossGroup0-1": 0.5235299,
	"BRCrossGroup0-2": 0.2792696,
	"BRCrossGroup1-0": 0.0801983,
	"BRCrossGroup1-2": 0.05506608,
	"BRCrossGroup2-0": 0.21968365,
	"BRCrossGroup2-1": 0.22075056,
	"BRCrossCluster1-2": 0.7280944,
	"BRCrossCluster1-3": 0.18558952,
	"BRCrossCluster1-4": 0.9194159,
	"BRCrossCluster1-5": 0.520156,
	"BRCrossCluster1-6": 0.1858736,
	"BRCrossCluster2-1": 0.5994006,
	"BRCrossCluster2-3": 1.055409,
	"BRCrossCluster2-4": 0.0,
	"BRCrossCluster2-5": 0.54347825,
	"BRCrossCluster2-6": 0.0,
	"BRCrossCluster3-1": 0.0,
	"BRCrossCluster3-2": 0.21881838,
	"BRCrossCluster3-4": 0.12380069,
	"BRCrossCluster3-5": 0.14566644,
	"BRCrossCluster3-6": 0.0,
	"BRCrossCluster4-1": 0.105337076,
	"BRCrossCluster4-2": 0.0,
	"BRCrossCluster4-3": 0.36166367,
	"BRCrossCluster4-5": 0.0,
	"BRCrossCluster4-6": 0.0,
	"BRCrossCluster5-1": 0.34013605,
	"BRCrossCluster5-2": 0.39525694,
	"BRCrossCluster5-3": 0.4224502,
	"BRCrossCluster5-4": 0.17985612,
	"BRCrossCluster5-6": 0.25906736,
	"BRCrossCluster6-1": 0.0967118,
	"BRCrossCluster6-2": 0.0,
	"BRCrossCluster6-3": 0.040241446,
	"BRCrossCluster6-4": 0.0,
	"BRCrossCluster6-5": 0.22675738,
	"BBR": 0.7226644,
	"BBRinnerGroup0-0": 0.82991207,
	"BBRinnerGroup1-1": 0.33475605,
	"BBRinnerGroup2-2": 0.496771,
	"BBRinnerCluster1": 0.33670035,
	"BBRinnerCluster2": 0.080224626,
	"BBRinnerCluster3": 0.089512154,
	"BBRinnerCluster4": 0.0,
	"BBRinnerCluster5": 0.0,
	"BBRinnerCluster6": 0.0,
	"BBRcrossGroup0-1": 1.1648399,
	"BBRcrossGroup0-2": 0.6891353,
	"BBRcrossGroup1-0": 0.19699402,
	"BBRcrossGroup1-2": 0.14023277,
	"BBRcrossGroup2-0": 0.46640757,
	"BBRcrossGroup2-1": 0.52051264,
	"BBRcrossCluster1-2": 1.3391739,
	"BBRcrossCluster1-3": 0.4628384,
	"BBRcrossCluster1-4": 1.967655,
	"BBRcrossCluster1-5": 1.1468621,
	"BBRcrossCluster1-6": 0.47258982,
	"BBRcrossCluster2-1": 1.34901,
	"BBRcrossCluster2-3": 2.3804312,
	"BBRcrossCluster2-4": 0.0,
	"BBRcrossCluster2-5": 1.4232463,
	"BBRcrossCluster2-6": 0.0,
	"BBRcrossCluster3-1": 0.0,
	"BBRcrossCluster3-2": 0.5465974,
	"BBRcrossCluster3-4": 0.18379538,
	"BBRcrossCluster3-5": 0.37608123,
	"BBRcrossCluster3-6": 0.0,
	"BBRcrossCluster4-1": 0.24574338,
	"BBRcrossCluster4-2": 0.0,
	"BBRcrossCluster4-3": 0.94685394,
	"BBRcrossCluster4-5": 0.0,
	"BBRcrossCluster4-6": 0.0,
	"BBRcrossCluster5-1": 0.68422854,
	"BBRcrossCluster5-2": 0.99800396,
	"BBRcrossCluster5-3": 0.96997684,
	"BBRcrossCluster5-4": 0.46956837,
	"BBRcrossCluster5-6": 0.7662835,
	"BBRcrossCluster6-1": 0.19860972,
	"BBRcrossCluster6-2": 0.0,
	"BBRcrossCluster6-3": 0.08016032,
	"BBRcrossCluster5-4": 0.0,
	"BBRcrossCluster6-5": 0.46457607,
	"LP": 99676,
	"TR": 1.0,
	"VH": 1.0,
	"PH": 3.5224728119105904,
	"OXCAST": 0.20410525744599742,
	"Spec": 77.15,
	"Frag": 28.82332312143922,
	"PC": 1812727.2017262625,
	"TP": 1.8068541555956625E11,
	"EE": 0.0137537093810471,
	"EEE": 0.013654316217492728,
	"BPSK": 100.0,
	"QPSK": 0.0,
	"8QAM": 0.0,
	"16QAM": 0.0,
	"32QAM": 0.0,
	"64QAM": 0.0,
	"MetCos":0.0,
	"MetPC":0.0,
	"LPGrooming": 0.0,
	"STP": 0.004317416830530317,
	"TSTP": 430.3428399999399,
	"STmax": 0.0,
	"TSTmax": 0.0,
	"JFI_BR": 0.048444647,
	"JFI_BBR": 0.05870597,
	"Time(ms)": 0.10159
}

