{
	"Load": 120.0,
	"TDR": 2504070571,
	"TDT": 2500057436,
	"BR": 0.072000004,
	"BRInnerGroup0-0": 0.07703247,
	"BRInnerGroup1-1": 0.008390669,
	"BRInnerGroup2-2": 0.0,
	"BRInnerCluster1": 0.02730748,
	"BRInnerCluster2": 0.0,
	"BRInnerCluster3": 0.0,
	"BRInnerCluster4": 0.02730748,
	"BRInnerCluster5": 0.0,
	"BRInnerCluster6": 0.0,
	"BRCrossGroup0-1": 0.11858965,
	"BRCrossGroup0-2": 0.107411385,
	"BRCrossGroup1-0": 0.014581511,
	"BRCrossGroup1-2": 0.05506608,
	"BRCrossGroup2-0": 0.043936733,
	"BRCrossGroup2-1": 0.06622516,
	"BRCrossCluster1-2": 0.20085363,
	"BRCrossCluster1-3": 0.03275109,
	"BRCrossCluster1-4": 0.32449973,
	"BRCrossCluster1-5": 0.130039,
	"BRCrossCluster1-6": 0.2788104,
	"BRCrossCluster2-1": 0.07492507,
	"BRCrossCluster2-3": 0.1539138,
	"BRCrossCluster2-4": 0.0,
	"BRCrossCluster2-5": 0.06793478,
	"BRCrossCluster2-6": 0.0,
	"BRCrossCluster3-1": 0.0,
	"BRCrossCluster3-2": 0.027352298,
	"BRCrossCluster3-4": 0.0,
	"BRCrossCluster3-5": 0.07283322,
	"BRCrossCluster3-6": 0.0,
	"BRCrossCluster4-1": 0.03511236,
	"BRCrossCluster4-2": 0.0,
	"BRCrossCluster4-3": 0.030138638,
	"BRCrossCluster4-5": 0.09551098,
	"BRCrossCluster4-6": 0.0,
	"BRCrossCluster5-1": 0.0,
	"BRCrossCluster5-2": 0.13175231,
	"BRCrossCluster5-3": 0.18105009,
	"BRCrossCluster5-4": 0.0,
	"BRCrossCluster5-6": 0.0,
	"BRCrossCluster6-1": 0.0,
	"BRCrossCluster6-2": 0.0,
	"BRCrossCluster6-3": 0.0,
	"BRCrossCluster6-4": 0.0,
	"BRCrossCluster6-5": 0.0,
	"BBR": 0.15859716,
	"BBRinnerGroup0-0": 0.16422288,
	"BBRinnerGroup1-1": 0.025106704,
	"BBRinnerGroup2-2": 0.0,
	"BBRinnerCluster1": 0.053872056,
	"BBRinnerCluster2": 0.0,
	"BBRinnerCluster3": 0.0,
	"BBRinnerCluster4": 0.0,
	"BBRinnerCluster5": 0.0,
	"BBRinnerCluster6": 0.0,
	"BBRcrossGroup0-1": 0.25646535,
	"BBRcrossGroup0-2": 0.27996123,
	"BBRcrossGroup1-0": 0.025536263,
	"BBRcrossGroup1-2": 0.14023277,
	"BBRcrossGroup2-0": 0.11104943,
	"BBRcrossGroup2-1": 0.13432585,
	"BBRcrossCluster1-2": 0.4005006,
	"BBRcrossCluster1-3": 0.075345784,
	"BBRcrossCluster1-4": 0.70080864,
	"BBRcrossCluster1-5": 0.25485823,
	"BBRcrossCluster1-6": 0.7561437,
	"BBRcrossCluster2-1": 0.1980198,
	"BBRcrossCluster2-3": 0.33380762,
	"BBRcrossCluster2-4": 0.0,
	"BBRcrossCluster2-5": 0.20332092,
	"BBRcrossCluster2-6": 0.0,
	"BBRcrossCluster3-1": 0.0,
	"BBRcrossCluster3-2": 0.081989616,
	"BBRcrossCluster3-4": 0.0,
	"BBRcrossCluster3-5": 0.22564875,
	"BBRcrossCluster3-6": 0.0,
	"BBRcrossCluster4-1": 0.017553098,
	"BBRcrossCluster4-2": 0.0,
	"BBRcrossCluster4-3": 0.09163103,
	"BBRcrossCluster4-5": 0.19851117,
	"BBRcrossCluster4-6": 0.0,
	"BBRcrossCluster5-1": 0.0,
	"BBRcrossCluster5-2": 0.332668,
	"BBRcrossCluster5-3": 0.369515,
	"BBRcrossCluster5-4": 0.0,
	"BBRcrossCluster5-6": 0.0,
	"BBRcrossCluster6-1": 0.0,
	"BBRcrossCluster6-2": 0.0,
	"BBRcrossCluster6-3": 0.0,
	"BBRcrossCluster5-4": 0.0,
	"BBRcrossCluster6-5": 0.0,
	"LP": 99928,
	"TR": 1.0,
	"VH": 1.0,
	"PH": 3.5214454407173164,
	"OXCAST": 0.6517200022199169,
	"Spec": 81.64166666666667,
	"Frag": 22.99145371063455,
	"PC": 1812317.0069055557,
	"TP": 1.811012351568569E11,
	"EE": 0.01380475088330916,
	"EEE": 0.013782856940959374,
	"BPSK": 100.0,
	"QPSK": 0.0,
	"8QAM": 0.0,
	"16QAM": 0.0,
	"32QAM": 0.0,
	"64QAM": 0.0,
	"MetCos":0.0,
	"MetPC":0.0,
	"LPGrooming": 0.0,
	"STP": 0.004316163437674512,
	"TSTP": 431.30557999993863,
	"STmax": 0.0,
	"TSTmax": 0.0,
	"JFI_BR": 0.020153666,
	"JFI_BBR": 0.019084891,
	"Time(ms)": 0.14858
}

