{
	"Load": 240.0,
	"TDR": 2498972186,
	"TDT": 2318110029,
	"BR": 3.576,
	"BRInnerGroup0-0": 3.4402988,
	"BRInnerGroup1-1": 3.42081,
	"BRInnerGroup2-2": 6.69413,
	"BRInnerCluster1": 2.3074784,
	"BRInnerCluster2": 0.9011469,
	"BRInnerCluster3": 0.46040514,
	"BRInnerCluster4": 2.3074784,
	"BRInnerCluster5": 0.9011469,
	"BRInnerCluster6": 0.46040514,
	"BRCrossGroup0-1": 4.7299848,
	"BRCrossGroup0-2": 3.3018868,
	"BRCrossGroup1-0": 2.013034,
	"BRCrossGroup1-2": 1.5345982,
	"BRCrossGroup2-0": 3.0985916,
	"BRCrossGroup2-1": 2.8872545,
	"BRCrossCluster1-2": 5.2761955,
	"BRCrossCluster1-3": 2.7232141,
	"BRCrossCluster1-4": 6.8290024,
	"BRCrossCluster1-5": 3.8666666,
	"BRCrossCluster1-6": 2.5217392,
	"BRCrossCluster2-1": 4.97561,
	"BRCrossCluster2-3": 8.733195,
	"BRCrossCluster2-4": 0.5513717,
	"BRCrossCluster2-5": 4.6831956,
	"BRCrossCluster2-6": 1.8903593,
	"BRCrossCluster3-1": 0.60175055,
	"BRCrossCluster3-2": 4.5417895,
	"BRCrossCluster3-4": 4.9274487,
	"BRCrossCluster3-5": 2.764977,
	"BRCrossCluster3-6": 0.5091649,
	"BRCrossCluster4-1": 2.6990554,
	"BRCrossCluster4-2": 0.13981125,
	"BRCrossCluster4-3": 6.7892084,
	"BRCrossCluster4-5": 1.1937557,
	"BRCrossCluster4-6": 0.48840052,
	"BRCrossCluster5-1": 4.204625,
	"BRCrossCluster5-2": 3.1767957,
	"BRCrossCluster5-3": 4.3757296,
	"BRCrossCluster5-4": 3.013798,
	"BRCrossCluster5-6": 8.029197,
	"BRCrossCluster6-1": 2.3255813,
	"BRCrossCluster6-2": 1.9776441,
	"BRCrossCluster6-3": 1.4717274,
	"BRCrossCluster6-4": 1.8848168,
	"BRCrossCluster6-5": 8.060453,
	"BBR": 7.2137604,
	"BBRinnerGroup0-0": 6.5161786,
	"BBRinnerGroup1-1": 6.6616454,
	"BBRinnerGroup2-2": 13.119679,
	"BBRinnerCluster1": 4.2021422,
	"BBRinnerCluster2": 2.0833335,
	"BBRinnerCluster3": 1.0923986,
	"BBRinnerCluster4": 0.14641288,
	"BBRinnerCluster5": 7.3255816,
	"BBRinnerCluster6": 0.0,
	"BBRcrossGroup0-1": 9.370998,
	"BBRcrossGroup0-2": 6.882723,
	"BBRcrossGroup1-0": 4.467868,
	"BBRcrossGroup1-2": 3.4772854,
	"BBRcrossGroup2-0": 6.501449,
	"BBRcrossGroup2-1": 6.562829,
	"BBRcrossCluster1-2": 9.32372,
	"BBRcrossCluster1-3": 6.205051,
	"BBRcrossCluster1-4": 12.813811,
	"BBRcrossCluster1-5": 8.161889,
	"BBRcrossCluster1-6": 4.587973,
	"BBRcrossCluster2-1": 9.847741,
	"BBRcrossCluster2-3": 16.90999,
	"BBRcrossCluster2-4": 1.4106268,
	"BBRcrossCluster2-5": 9.88292,
	"BBRcrossCluster2-6": 4.3499274,
	"BBRcrossCluster3-1": 1.3805605,
	"BBRcrossCluster3-2": 9.805479,
	"BBRcrossCluster3-4": 9.801526,
	"BBRcrossCluster3-5": 5.8846607,
	"BBRcrossCluster3-6": 1.2839507,
	"BBRcrossCluster4-1": 5.9125957,
	"BBRcrossCluster4-2": 0.38814396,
	"BBRcrossCluster4-3": 13.095058,
	"BBRcrossCluster4-5": 3.0541415,
	"BBRcrossCluster4-6": 1.5151515,
	"BBRcrossCluster5-1": 9.202013,
	"BBRcrossCluster5-2": 6.353022,
	"BBRcrossCluster5-3": 9.709026,
	"BBRcrossCluster5-4": 6.546644,
	"BBRcrossCluster5-6": 16.314554,
	"BBRcrossCluster6-1": 4.4176707,
	"BBRcrossCluster6-2": 4.0653815,
	"BBRcrossCluster6-3": 3.4856699,
	"BBRcrossCluster5-4": 4.295943,
	"BBRcrossCluster6-5": 15.809769,
	"LP": 96424,
	"TR": 1.0,
	"VH": 1.0,
	"PH": 3.5223906911142455,
	"OXCAST": 0.02404069333001725,
	"Spec": 65.43333333333334,
	"Frag": 41.3964524249434,
	"PC": 1812674.3037638173,
	"TP": 1.7478645690632898E11,
	"EE": 0.013262526571165147,
	"EEE": 0.012305799684521073,
	"BPSK": 100.0,
	"QPSK": 0.0,
	"8QAM": 0.0,
	"16QAM": 0.0,
	"32QAM": 0.0,
	"64QAM": 0.0,
	"MetCos":0.0,
	"MetPC":0.0,
	"LPGrooming": 0.0,
	"STP": 0.004317316643158864,
	"TSTP": 416.2929399999503,
	"STmax": 0.0,
	"TSTmax": 0.0,
	"JFI_BR": 0.18325736,
	"JFI_BBR": 0.21892676,
	"Time(ms)": 0.18618
}

