{
	"Load": 210.0,
	"TDR": 2504070571,
	"TDT": 2502437817,
	"BR": 0.067,
	"BRInnerGroup0-0": 0.0,
	"BRInnerGroup1-1": 0.13908206,
	"BRInnerGroup2-2": 0.0,
	"BRInnerCluster1": 0.0,
	"BRInnerCluster2": 0.0,
	"BRInnerCluster3": 0,
	"BRInnerCluster4": 0.0,
	"BRInnerCluster5": 0.0,
	"BRInnerCluster6": 0,
	"BRCrossGroup0-1": 0.089168385,
	"BRCrossGroup0-2": 0.0,
	"BRCrossGroup1-0": 0.0,
	"BRCrossGroup1-2": 0.0,
	"BRCrossGroup2-0": 0.0,
	"BRCrossGroup2-1": 0.10883671,
	"BRCrossCluster1-2": 0.0,
	"BRCrossCluster1-3": 0.0,
	"BRCrossCluster1-4": 0.08715356,
	"BRCrossCluster1-5": 0.0,
	"BRCrossCluster1-6": 0.07955449,
	"BRCrossCluster2-1": 0.0,
	"BRCrossCluster2-3": 0.10689472,
	"BRCrossCluster2-4": 0.08327261,
	"BRCrossCluster2-5": 0.0,
	"BRCrossCluster2-6": 0.048484847,
	"BRCrossCluster3-1": 0.0,
	"BRCrossCluster3-2": 0.0,
	"BRCrossCluster3-4": 0.05238345,
	"BRCrossCluster3-5": 0.0,
	"BRCrossCluster3-6": 0.0,
	"BRCrossCluster4-1": 0.0,
	"BRCrossCluster4-2": 0.0,
	"BRCrossCluster4-3": 0.0,
	"BRCrossCluster4-5": 0.0,
	"BRCrossCluster4-6": 0.06097561,
	"BRCrossCluster5-1": 0.0,
	"BRCrossCluster5-2": 0.0,
	"BRCrossCluster5-3": 0.2719855,
	"BRCrossCluster5-4": 0.070783935,
	"BRCrossCluster5-6": 0.11985617,
	"BRCrossCluster6-1": 0.0,
	"BRCrossCluster6-2": 0.0,
	"BRCrossCluster6-3": 0.07390983,
	"BRCrossCluster6-4": 0.10607667,
	"BRCrossCluster6-5": 0.0,
	"BBR": 0.06533405,
	"BBRinnerGroup0-0": 0.0,
	"BBRinnerGroup1-1": 0.12741625,
	"BBRinnerGroup2-2": 0.0,
	"BBRinnerCluster1": 0.0,
	"BBRinnerCluster2": 0.0,
	"BBRinnerCluster3": 0,
	"BBRinnerCluster4": 0.22187419,
	"BBRinnerCluster5": 0.0,
	"BBRinnerCluster6": 0.055668958,
	"BBRcrossGroup0-1": 0.074829295,
	"BBRcrossGroup0-2": 0.0,
	"BBRcrossGroup1-0": 0.0,
	"BBRcrossGroup1-2": 0.0,
	"BBRcrossGroup2-0": 0.0,
	"BBRcrossGroup2-1": 0.1218513,
	"BBRcrossCluster1-2": 0.0,
	"BBRcrossCluster1-3": 0.0,
	"BBRcrossCluster1-4": 0.0944936,
	"BBRcrossCluster1-5": 0.0,
	"BBRcrossCluster1-6": 0.03992016,
	"BBRcrossCluster2-1": 0.0,
	"BBRcrossCluster2-3": 0.15864621,
	"BBRcrossCluster2-4": 0.05198856,
	"BBRcrossCluster2-5": 0.0,
	"BBRcrossCluster2-6": 0.03695947,
	"BBRcrossCluster3-1": 0.0,
	"BBRcrossCluster3-2": 0.0,
	"BBRcrossCluster3-4": 0.051229507,
	"BBRcrossCluster3-5": 0.0,
	"BBRcrossCluster3-6": 0.0,
	"BBRcrossCluster4-1": 0.0,
	"BBRcrossCluster4-2": 0.0,
	"BBRcrossCluster4-3": 0.0,
	"BBRcrossCluster4-5": 0.0,
	"BBRcrossCluster4-6": 0.030323707,
	"BBRcrossCluster5-1": 0.0,
	"BBRcrossCluster5-2": 0.0,
	"BBRcrossCluster5-3": 0.46948358,
	"BBRcrossCluster5-4": 0.04422822,
	"BBRcrossCluster5-6": 0.058685448,
	"BBRcrossCluster6-1": 0.0,
	"BBRcrossCluster6-2": 0.0,
	"BBRcrossCluster6-3": 0.092336096,
	"BBRcrossCluster5-4": 0.11379153,
	"BBRcrossCluster6-5": 0.0,
	"LP": 99933,
	"TR": 1.0,
	"VH": 1.0,
	"PH": 2.782984599681787,
	"OXCAST": 0.01998805336534234,
	"Spec": 95.65552325581395,
	"Frag": 5.30831163238384,
	"PC": 17296.752067687594,
	"TP": 1.7280841310585833E9,
	"EE": 1.4480995294291985,
	"EEE": 1.4471534273318385,
	"BPSK": 100.0,
	"QPSK": 0.0,
	"8QAM": 0.0,
	"16QAM": 0.0,
	"32QAM": 0.0,
	"64QAM": 0.0,
	"MetCos":0.0,
	"MetPC":0.0,
	"LPGrooming": 0.0,
	"STP": 0.011146084876867102,
	"TSTP": 1113.8616999999601,
	"STmax": 0.0,
	"TSTmax": 0.0,
	"JFI_BR": 0.078776404,
	"JFI_BBR": 0.061295163,
	"Time(ms)": 0.23048
}

