{
	"Load": 240.0,
	"TDR": 2518368159,
	"TDT": 2507718705,
	"BR": 0.442,
	"BRInnerGroup0-0": 0.0,
	"BRInnerGroup1-1": 0.7489929,
	"BRInnerGroup2-2": 0.0,
	"BRInnerCluster1": 0.0,
	"BRInnerCluster2": 0.0,
	"BRInnerCluster3": 0,
	"BRInnerCluster4": 0.0,
	"BRInnerCluster5": 0.0,
	"BRInnerCluster6": 0,
	"BRCrossGroup0-1": 0.6690224,
	"BRCrossGroup0-2": 0.0,
	"BRCrossGroup1-0": 0.0,
	"BRCrossGroup1-2": 0.0,
	"BRCrossGroup2-0": 0.0,
	"BRCrossGroup2-1": 0.75789297,
	"BRCrossCluster1-2": 0.0,
	"BRCrossCluster1-3": 0.7490637,
	"BRCrossCluster1-4": 0.66363955,
	"BRCrossCluster1-5": 0.0,
	"BRCrossCluster1-6": 0.3114052,
	"BRCrossCluster2-1": 0.0,
	"BRCrossCluster2-3": 0.53590566,
	"BRCrossCluster2-4": 0.65215105,
	"BRCrossCluster2-5": 0.0,
	"BRCrossCluster2-6": 0.37339556,
	"BRCrossCluster3-1": 0.0,
	"BRCrossCluster3-2": 0.0,
	"BRCrossCluster3-4": 0.9081197,
	"BRCrossCluster3-5": 0.0,
	"BRCrossCluster3-6": 0.4705882,
	"BRCrossCluster4-1": 0.0,
	"BRCrossCluster4-2": 0.0,
	"BRCrossCluster4-3": 0.6670087,
	"BRCrossCluster4-5": 0.0,
	"BRCrossCluster4-6": 0.23988006,
	"BRCrossCluster5-1": 0.0,
	"BRCrossCluster5-2": 0.0,
	"BRCrossCluster5-3": 0.5444646,
	"BRCrossCluster5-4": 0.88573956,
	"BRCrossCluster5-6": 0.23837902,
	"BRCrossCluster6-1": 0.0,
	"BRCrossCluster6-2": 0.0,
	"BRCrossCluster6-3": 0.5317129,
	"BRCrossCluster6-4": 0.71028036,
	"BRCrossCluster6-5": 0.0,
	"BBR": 0.45373318,
	"BBRinnerGroup0-0": 0.0,
	"BBRinnerGroup1-1": 0.78309274,
	"BBRinnerGroup2-2": 0.0,
	"BBRinnerCluster1": 0.0,
	"BBRinnerCluster2": 0.0,
	"BBRinnerCluster3": 0,
	"BBRinnerCluster4": 0.74731433,
	"BBRinnerCluster5": 0.0,
	"BBRinnerCluster6": 0.58672535,
	"BBRcrossGroup0-1": 0.71866906,
	"BBRcrossGroup0-2": 0.0,
	"BBRcrossGroup1-0": 0.0,
	"BBRcrossGroup1-2": 0.0,
	"BBRcrossGroup2-0": 0.0,
	"BBRcrossGroup2-1": 0.73711103,
	"BBRcrossCluster1-2": 0.0,
	"BBRcrossCluster1-3": 0.4657662,
	"BBRcrossCluster1-4": 0.7471018,
	"BBRcrossCluster1-5": 0.0,
	"BBRcrossCluster1-6": 0.41575927,
	"BBRcrossCluster2-1": 0.0,
	"BBRcrossCluster2-3": 0.6436042,
	"BBRcrossCluster2-4": 0.641795,
	"BBRcrossCluster2-5": 0.0,
	"BBRcrossCluster2-6": 0.4940825,
	"BBRcrossCluster3-1": 0.0,
	"BBRcrossCluster3-2": 0.0,
	"BBRcrossCluster3-4": 0.8693362,
	"BBRcrossCluster3-5": 0.0,
	"BBRcrossCluster3-6": 0.8389932,
	"BBRcrossCluster4-1": 0.0,
	"BBRcrossCluster4-2": 0.0,
	"BBRcrossCluster4-3": 0.72632945,
	"BBRcrossCluster4-5": 0.0,
	"BBRcrossCluster4-6": 0.21483071,
	"BBRcrossCluster5-1": 0.0,
	"BBRcrossCluster5-2": 0.0,
	"BBRcrossCluster5-3": 0.64545876,
	"BBRcrossCluster5-4": 0.8287542,
	"BBRcrossCluster5-6": 0.20124772,
	"BBRcrossCluster6-1": 0.0,
	"BBRcrossCluster6-2": 0.0,
	"BBRcrossCluster6-3": 0.38138825,
	"BBRcrossCluster5-4": 0.66321397,
	"BBRcrossCluster6-5": 0.0,
	"LP": 99558,
	"TR": 1.0,
	"VH": 1.0,
	"PH": 2.7878523071978143,
	"OXCAST": 0.010539800827402662,
	"Spec": 94.99709302325581,
	"Frag": 6.363087381925936,
	"PC": 17322.270069569542,
	"TP": 1.726735657341388E9,
	"EE": 1.4522887127153394,
	"EEE": 1.4456991970145487,
	"BPSK": 100.0,
	"QPSK": 0.0,
	"8QAM": 0.0,
	"16QAM": 0.0,
	"32QAM": 0.0,
	"64QAM": 0.0,
	"MetCos":0.0,
	"MetPC":0.0,
	"LPGrooming": 0.0,
	"STP": 0.011180214749191104,
	"TSTP": 1113.0798199999679,
	"STmax": 0.0,
	"TSTmax": 0.0,
	"JFI_BR": 0.19739524,
	"JFI_BBR": 0.16762125,
	"Time(ms)": 0.2379
}

