{
	"Load": 210.0,
	"TDR": 2502554587,
	"TDT": 2500611950,
	"BR": 0.076000005,
	"BRInnerGroup0-0": 0.0,
	"BRInnerGroup1-1": 0.14403808,
	"BRInnerGroup2-2": 0.0,
	"BRInnerCluster1": 0.0,
	"BRInnerCluster2": 0.0,
	"BRInnerCluster3": 0,
	"BRInnerCluster4": 0.0,
	"BRInnerCluster5": 0.0,
	"BRInnerCluster6": 0,
	"BRCrossGroup0-1": 0.099075295,
	"BRCrossGroup0-2": 0.0,
	"BRCrossGroup1-0": 0.0,
	"BRCrossGroup1-2": 0.0,
	"BRCrossGroup2-0": 0.0,
	"BRCrossGroup2-1": 0.13345009,
	"BRCrossCluster1-2": 0.0,
	"BRCrossCluster1-3": 0.0923361,
	"BRCrossCluster1-4": 0.035137035,
	"BRCrossCluster1-5": 0.0,
	"BRCrossCluster1-6": 0.0,
	"BRCrossCluster2-1": 0.0,
	"BRCrossCluster2-3": 0.10934936,
	"BRCrossCluster2-4": 0.13654028,
	"BRCrossCluster2-5": 0.0,
	"BRCrossCluster2-6": 0.06986493,
	"BRCrossCluster3-1": 0.0,
	"BRCrossCluster3-2": 0.0,
	"BRCrossCluster3-4": 0.26385224,
	"BRCrossCluster3-5": 0.0,
	"BRCrossCluster3-6": 0.07770008,
	"BRCrossCluster4-1": 0.0,
	"BRCrossCluster4-2": 0.0,
	"BRCrossCluster4-3": 0.05219207,
	"BRCrossCluster4-5": 0.0,
	"BRCrossCluster4-6": 0.046104196,
	"BRCrossCluster5-1": 0.0,
	"BRCrossCluster5-2": 0.0,
	"BRCrossCluster5-3": 0.0,
	"BRCrossCluster5-4": 0.12328285,
	"BRCrossCluster5-6": 0.080289036,
	"BRCrossCluster6-1": 0.0,
	"BRCrossCluster6-2": 0.0,
	"BRCrossCluster6-3": 0.076016724,
	"BRCrossCluster6-4": 0.15658787,
	"BRCrossCluster6-5": 0.0,
	"BBR": 0.07711142,
	"BBRinnerGroup0-0": 0.0,
	"BBRinnerGroup1-1": 0.147197,
	"BBRinnerGroup2-2": 0.0,
	"BBRinnerCluster1": 0.0,
	"BBRinnerCluster2": 0.0,
	"BBRinnerCluster3": 0,
	"BBRinnerCluster4": 0.14131898,
	"BBRinnerCluster5": 0.0,
	"BBRinnerCluster6": 0.0450045,
	"BBRcrossGroup0-1": 0.11150388,
	"BBRcrossGroup0-2": 0.0,
	"BBRcrossGroup1-0": 0.0,
	"BBRcrossGroup1-2": 0.0,
	"BBRcrossGroup2-0": 0.0,
	"BBRcrossGroup2-1": 0.124981776,
	"BBRcrossCluster1-2": 0.0,
	"BBRcrossCluster1-3": 0.18717828,
	"BBRcrossCluster1-4": 0.043721583,
	"BBRcrossCluster1-5": 0.0,
	"BBRcrossCluster1-6": 0.0,
	"BBRcrossCluster2-1": 0.0,
	"BBRcrossCluster2-3": 0.082259394,
	"BBRcrossCluster2-4": 0.17001382,
	"BBRcrossCluster2-5": 0.0,
	"BBRcrossCluster2-6": 0.035124693,
	"BBRcrossCluster3-1": 0.0,
	"BBRcrossCluster3-2": 0.0,
	"BBRcrossCluster3-4": 0.2857885,
	"BBRcrossCluster3-5": 0.0,
	"BBRcrossCluster3-6": 0.038610037,
	"BBRcrossCluster4-1": 0.0,
	"BBRcrossCluster4-2": 0.0,
	"BBRcrossCluster4-3": 0.025853153,
	"BBRcrossCluster4-5": 0.0,
	"BBRcrossCluster4-6": 0.05418795,
	"BBRcrossCluster5-1": 0.0,
	"BBRcrossCluster5-2": 0.0,
	"BBRcrossCluster5-3": 0.0,
	"BBRcrossCluster5-4": 0.114456765,
	"BBRcrossCluster5-6": 0.1156738,
	"BBRcrossCluster6-1": 0.0,
	"BBRcrossCluster6-2": 0.0,
	"BBRcrossCluster6-3": 0.056807425,
	"BBRcrossCluster5-4": 0.1460893,
	"BBRcrossCluster6-5": 0.0,
	"LP": 99924,
	"TR": 1.0,
	"VH": 1.0,
	"PH": 2.7927324766822785,
	"OXCAST": 0.008631201996262066,
	"Spec": 95.625,
	"Frag": 5.401089156997456,
	"PC": 17341.62392939392,
	"TP": 1.733833217616805E9,
	"EE": 1.4422448045130607,
	"EEE": 1.441132669020932,
	"BPSK": 100.0,
	"QPSK": 0.0,
	"8QAM": 0.0,
	"16QAM": 0.0,
	"32QAM": 0.0,
	"64QAM": 0.0,
	"MetCos":0.0,
	"MetPC":0.0,
	"LPGrooming": 0.0,
	"STP": 0.011189709178975596,
	"TSTP": 1118.1204999999575,
	"STmax": 0.0,
	"TSTmax": 0.0,
	"JFI_BR": 0.07213141,
	"JFI_BBR": 0.056169104,
	"Time(ms)": 0.21259
}

