{
	"Load": 240.0,
	"TDR": 2517270854,
	"TDT": 2505504669,
	"BR": 0.441,
	"BRInnerGroup0-0": 0.0,
	"BRInnerGroup1-1": 0.7348362,
	"BRInnerGroup2-2": 0.0,
	"BRInnerCluster1": 0.0,
	"BRInnerCluster2": 0.0,
	"BRInnerCluster3": 0,
	"BRInnerCluster4": 0.0,
	"BRInnerCluster5": 0.0,
	"BRInnerCluster6": 0,
	"BRCrossGroup0-1": 0.7605461,
	"BRCrossGroup0-2": 0.0,
	"BRCrossGroup1-0": 0.0,
	"BRCrossGroup1-2": 0.0,
	"BRCrossGroup2-0": 0.0,
	"BRCrossGroup2-1": 0.6711965,
	"BRCrossCluster1-2": 0.0,
	"BRCrossCluster1-3": 0.6481481,
	"BRCrossCluster1-4": 0.9318996,
	"BRCrossCluster1-5": 0.0,
	"BRCrossCluster1-6": 0.35714287,
	"BRCrossCluster2-1": 0.0,
	"BRCrossCluster2-3": 0.8311688,
	"BRCrossCluster2-4": 0.71241486,
	"BRCrossCluster2-5": 0.0,
	"BRCrossCluster2-6": 0.21797046,
	"BRCrossCluster3-1": 0.0,
	"BRCrossCluster3-2": 0.0,
	"BRCrossCluster3-4": 0.7629705,
	"BRCrossCluster3-5": 0.0,
	"BRCrossCluster3-6": 0.0,
	"BRCrossCluster4-1": 0.0,
	"BRCrossCluster4-2": 0.0,
	"BRCrossCluster4-3": 0.9264025,
	"BRCrossCluster4-5": 0.0,
	"BRCrossCluster4-6": 0.13968648,
	"BRCrossCluster5-1": 0.0,
	"BRCrossCluster5-2": 0.0,
	"BRCrossCluster5-3": 0.5323869,
	"BRCrossCluster5-4": 0.8307373,
	"BRCrossCluster5-6": 0.16090105,
	"BRCrossCluster6-1": 0.0,
	"BRCrossCluster6-2": 0.0,
	"BRCrossCluster6-3": 0.7965242,
	"BRCrossCluster6-4": 0.6279435,
	"BRCrossCluster6-5": 0.0,
	"BBR": 0.42243358,
	"BBRinnerGroup0-0": 0.0,
	"BBRinnerGroup1-1": 0.7197184,
	"BBRinnerGroup2-2": 0.0,
	"BBRinnerCluster1": 0.0,
	"BBRinnerCluster2": 0.0,
	"BBRinnerCluster3": 0,
	"BBRinnerCluster4": 0.9241407,
	"BBRinnerCluster5": 0.0,
	"BBRinnerCluster6": 0.11954022,
	"BBRcrossGroup0-1": 0.72331876,
	"BBRcrossGroup0-2": 0.0,
	"BBRcrossGroup1-0": 0.0,
	"BBRcrossGroup1-2": 0.0,
	"BBRcrossGroup2-0": 0.0,
	"BBRcrossGroup2-1": 0.63473743,
	"BBRcrossCluster1-2": 0.0,
	"BBRcrossCluster1-3": 0.74280405,
	"BBRcrossCluster1-4": 0.98433995,
	"BBRcrossCluster1-5": 0.0,
	"BBRcrossCluster1-6": 0.20308693,
	"BBRcrossCluster2-1": 0.0,
	"BBRcrossCluster2-3": 0.76706725,
	"BBRcrossCluster2-4": 0.64325637,
	"BBRcrossCluster2-5": 0.0,
	"BBRcrossCluster2-6": 0.21826117,
	"BBRcrossCluster3-1": 0.0,
	"BBRcrossCluster3-2": 0.0,
	"BBRcrossCluster3-4": 0.6926629,
	"BBRcrossCluster3-5": 0.0,
	"BBRcrossCluster3-6": 0.0,
	"BBRcrossCluster4-1": 0.0,
	"BBRcrossCluster4-2": 0.0,
	"BBRcrossCluster4-3": 1.0222805,
	"BBRcrossCluster4-5": 0.0,
	"BBRcrossCluster4-6": 0.0854568,
	"BBRcrossCluster5-1": 0.0,
	"BBRcrossCluster5-2": 0.0,
	"BBRcrossCluster5-3": 0.56374675,
	"BBRcrossCluster5-4": 0.7832216,
	"BBRcrossCluster5-6": 0.20052136,
	"BBRcrossCluster6-1": 0.0,
	"BBRcrossCluster6-2": 0.0,
	"BBRcrossCluster6-3": 0.95541406,
	"BBRcrossCluster5-4": 0.52437794,
	"BBRcrossCluster6-5": 0.0,
	"LP": 99559,
	"TR": 1.0,
	"VH": 1.0,
	"PH": 2.79146034009984,
	"OXCAST": 0.012022092178257544,
	"Spec": 95.02761627906976,
	"Frag": 6.2226048942309635,
	"PC": 17335.549316019686,
	"TP": 1.728433155029688E9,
	"EE": 1.449581467301213,
	"EEE": 1.4434579483424332,
	"BPSK": 100.0,
	"QPSK": 0.0,
	"8QAM": 0.0,
	"16QAM": 0.0,
	"32QAM": 0.0,
	"64QAM": 0.0,
	"MetCos":0.0,
	"MetPC":0.0,
	"LPGrooming": 0.0,
	"STP": 0.01118760815194969,
	"TSTP": 1113.8270799999593,
	"STmax": 0.0,
	"TSTmax": 0.0,
	"JFI_BR": 0.20017347,
	"JFI_BBR": 0.17604935,
	"Time(ms)": 0.23151
}

