{
	"Load": 300.0,
	"TDR": 2518368159,
	"TDT": 2442720751,
	"BR": 3.079,
	"BRInnerGroup0-0": 0.0,
	"BRInnerGroup1-1": 4.9974823,
	"BRInnerGroup2-2": 0.0,
	"BRInnerCluster1": 0.0,
	"BRInnerCluster2": 0.0,
	"BRInnerCluster3": 0,
	"BRInnerCluster4": 0.0,
	"BRInnerCluster5": 0.0,
	"BRInnerCluster6": 0,
	"BRCrossGroup0-1": 4.8951707,
	"BRCrossGroup0-2": 0.0,
	"BRCrossGroup1-0": 0.0,
	"BRCrossGroup1-2": 0.0,
	"BRCrossGroup2-0": 0.0,
	"BRCrossGroup2-1": 5.2173185,
	"BRCrossCluster1-2": 0.0,
	"BRCrossCluster1-3": 4.8689137,
	"BRCrossCluster1-4": 4.924904,
	"BRCrossCluster1-5": 0.0,
	"BRCrossCluster1-6": 2.4133904,
	"BRCrossCluster2-1": 0.0,
	"BRCrossCluster2-3": 4.3944263,
	"BRCrossCluster2-4": 4.9858,
	"BRCrossCluster2-5": 0.0,
	"BRCrossCluster2-6": 2.0303383,
	"BRCrossCluster3-1": 0.0,
	"BRCrossCluster3-2": 0.0,
	"BRCrossCluster3-4": 4.4871798,
	"BRCrossCluster3-5": 0.0,
	"BRCrossCluster3-6": 1.8039216,
	"BRCrossCluster4-1": 0.0,
	"BRCrossCluster4-2": 0.0,
	"BRCrossCluster4-3": 4.7203693,
	"BRCrossCluster4-5": 0.0,
	"BRCrossCluster4-6": 1.6191903,
	"BRCrossCluster5-1": 0.0,
	"BRCrossCluster5-2": 0.0,
	"BRCrossCluster5-3": 5.263158,
	"BRCrossCluster5-4": 5.456156,
	"BRCrossCluster5-6": 2.1454113,
	"BRCrossCluster6-1": 0.0,
	"BRCrossCluster6-2": 0.0,
	"BRCrossCluster6-3": 4.6334977,
	"BRCrossCluster6-4": 5.106542,
	"BRCrossCluster6-5": 0.0,
	"BBR": 3.1062505,
	"BBRinnerGroup0-0": 0.0,
	"BBRinnerGroup1-1": 5.0382113,
	"BBRinnerGroup2-2": 0.0,
	"BBRinnerCluster1": 0.0,
	"BBRinnerCluster2": 0.0,
	"BBRinnerCluster3": 0,
	"BBRinnerCluster4": 5.011009,
	"BBRinnerCluster5": 0.0,
	"BBRinnerCluster6": 2.7319398,
	"BBRcrossGroup0-1": 5.07035,
	"BBRcrossGroup0-2": 0.0,
	"BBRcrossGroup1-0": 0.0,
	"BBRcrossGroup1-2": 0.0,
	"BBRcrossGroup2-0": 0.0,
	"BBRcrossGroup2-1": 5.126272,
	"BBRcrossCluster1-2": 0.0,
	"BBRcrossCluster1-3": 5.2165813,
	"BBRcrossCluster1-4": 5.143839,
	"BBRcrossCluster1-5": 0.0,
	"BBRcrossCluster1-6": 2.7321322,
	"BBRcrossCluster2-1": 0.0,
	"BBRcrossCluster2-3": 4.9074817,
	"BBRcrossCluster2-4": 5.019567,
	"BBRcrossCluster2-5": 0.0,
	"BBRcrossCluster2-6": 2.056762,
	"BBRcrossCluster3-1": 0.0,
	"BBRcrossCluster3-2": 0.0,
	"BBRcrossCluster3-4": 4.1622763,
	"BBRcrossCluster3-5": 0.0,
	"BBRcrossCluster3-6": 1.7978426,
	"BBRcrossCluster4-1": 0.0,
	"BBRcrossCluster4-2": 0.0,
	"BBRcrossCluster4-3": 5.36965,
	"BBRcrossCluster4-5": 0.0,
	"BBRcrossCluster4-6": 1.7112378,
	"BBRcrossCluster5-1": 0.0,
	"BBRcrossCluster5-2": 0.0,
	"BBRcrossCluster5-3": 5.5325036,
	"BBRcrossCluster5-4": 5.5130167,
	"BBRcrossCluster5-6": 1.9923525,
	"BBRcrossCluster6-1": 0.0,
	"BBRcrossCluster6-2": 0.0,
	"BBRcrossCluster6-3": 4.614798,
	"BBRcrossCluster5-4": 4.795261,
	"BBRcrossCluster6-5": 0.0,
	"LP": 96921,
	"TR": 1.0,
	"VH": 1.0,
	"PH": 2.794347974123255,
	"OXCAST": 0.010412410449418302,
	"Spec": 93.90552325581395,
	"Frag": 8.016562050909176,
	"PC": 17352.255866803,
	"TP": 1.6839563247904038E9,
	"EE": 1.4505843857346103,
	"EEE": 1.4055256006441113,
	"BPSK": 100.0,
	"QPSK": 0.0,
	"8QAM": 0.0,
	"16QAM": 0.0,
	"32QAM": 0.0,
	"64QAM": 0.0,
	"MetCos":0.0,
	"MetPC":0.0,
	"LPGrooming": 0.0,
	"STP": 0.011206519123822352,
	"TSTP": 1086.1470399999862,
	"STmax": 0.0,
	"TSTmax": 0.0,
	"JFI_BR": 0.26990828,
	"JFI_BBR": 0.2644483,
	"Time(ms)": 0.27267
}

