{
	"Load": 210.0,
	"TDR": 2518368159,
	"TDT": 2516187422,
	"BR": 0.076000005,
	"BRInnerGroup0-0": 0.0,
	"BRInnerGroup1-1": 0.15735146,
	"BRInnerGroup2-2": 0.0,
	"BRInnerCluster1": 0.0,
	"BRInnerCluster2": 0.0,
	"BRInnerCluster3": 0,
	"BRInnerCluster4": 0.0,
	"BRInnerCluster5": 0.0,
	"BRInnerCluster6": 0,
	"BRCrossGroup0-1": 0.098939925,
	"BRCrossGroup0-2": 0.0,
	"BRCrossGroup1-0": 0.0,
	"BRCrossGroup1-2": 0.0,
	"BRCrossGroup2-0": 0.0,
	"BRCrossGroup2-1": 0.12561761,
	"BRCrossCluster1-2": 0.0,
	"BRCrossCluster1-3": 0.0,
	"BRCrossCluster1-4": 0.06985679,
	"BRCrossCluster1-5": 0.0,
	"BRCrossCluster1-6": 0.03892565,
	"BRCrossCluster2-1": 0.0,
	"BRCrossCluster2-3": 0.053590566,
	"BRCrossCluster2-4": 0.13674134,
	"BRCrossCluster2-5": 0.0,
	"BRCrossCluster2-6": 0.046674445,
	"BRCrossCluster3-1": 0.0,
	"BRCrossCluster3-2": 0.0,
	"BRCrossCluster3-4": 0.32051283,
	"BRCrossCluster3-5": 0.0,
	"BRCrossCluster3-6": 0.15686274,
	"BRCrossCluster4-1": 0.0,
	"BRCrossCluster4-2": 0.0,
	"BRCrossCluster4-3": 0.0,
	"BRCrossCluster4-5": 0.0,
	"BRCrossCluster4-6": 0.07496252,
	"BRCrossCluster5-1": 0.0,
	"BRCrossCluster5-2": 0.0,
	"BRCrossCluster5-3": 0.0907441,
	"BRCrossCluster5-4": 0.2657219,
	"BRCrossCluster5-6": 0.079459675,
	"BRCrossCluster6-1": 0.0,
	"BRCrossCluster6-2": 0.0,
	"BRCrossCluster6-3": 0.03797949,
	"BRCrossCluster6-4": 0.08971962,
	"BRCrossCluster6-5": 0.0,
	"BBR": 0.07986502,
	"BBRinnerGroup0-0": 0.0,
	"BBRinnerGroup1-1": 0.14466774,
	"BBRinnerGroup2-2": 0.0,
	"BBRinnerCluster1": 0.0,
	"BBRinnerCluster2": 0.0,
	"BBRinnerCluster3": 0,
	"BBRinnerCluster4": 0.08006939,
	"BBRinnerCluster5": 0.0,
	"BBRinnerCluster6": 0.10084342,
	"BBRcrossGroup0-1": 0.13300045,
	"BBRcrossGroup0-2": 0.0,
	"BBRcrossGroup1-0": 0.0,
	"BBRcrossGroup1-2": 0.0,
	"BBRcrossGroup2-0": 0.0,
	"BBRcrossGroup2-1": 0.119361736,
	"BBRcrossCluster1-2": 0.0,
	"BBRcrossCluster1-3": 0.0,
	"BBRcrossCluster1-4": 0.12881066,
	"BBRcrossCluster1-5": 0.0,
	"BBRcrossCluster1-6": 0.118788354,
	"BBRcrossCluster2-1": 0.0,
	"BBRcrossCluster2-3": 0.16090105,
	"BBRcrossCluster2-4": 0.14088182,
	"BBRcrossCluster2-5": 0.0,
	"BBRcrossCluster2-6": 0.03447087,
	"BBRcrossCluster3-1": 0.0,
	"BBRcrossCluster3-2": 0.0,
	"BBRcrossCluster3-4": 0.2897787,
	"BBRcrossCluster3-5": 0.0,
	"BBRcrossCluster3-6": 0.11985617,
	"BBRcrossCluster4-1": 0.0,
	"BBRcrossCluster4-2": 0.0,
	"BBRcrossCluster4-3": 0.0,
	"BBRcrossCluster4-5": 0.0,
	"BBRcrossCluster4-6": 0.08889547,
	"BBRcrossCluster5-1": 0.0,
	"BBRcrossCluster5-2": 0.0,
	"BBRcrossCluster5-3": 0.046104196,
	"BBRcrossCluster5-4": 0.25222954,
	"BBRcrossCluster5-6": 0.06037432,
	"BBRcrossCluster6-1": 0.0,
	"BBRcrossCluster6-2": 0.0,
	"BBRcrossCluster6-3": 0.038138825,
	"BBRcrossCluster5-4": 0.07451843,
	"BBRcrossCluster6-5": 0.0,
	"LP": 99924,
	"TR": 1.0,
	"VH": 1.0,
	"PH": 2.7869280653296507,
	"OXCAST": 0.010604058926374539,
	"Spec": 95.6061046511628,
	"Frag": 5.425575918255957,
	"PC": 17318.11107862238,
	"TP": 1.732584098133526E9,
	"EE": 1.4522743367612758,
	"EEE": 1.4511144775210276,
	"BPSK": 100.0,
	"QPSK": 0.0,
	"8QAM": 0.0,
	"16QAM": 0.0,
	"32QAM": 0.0,
	"64QAM": 0.0,
	"MetCos":0.0,
	"MetPC":0.0,
	"LPGrooming": 0.0,
	"STP": 0.011176775349265096,
	"TSTP": 1116.8280999999654,
	"STmax": 0.0,
	"TSTmax": 0.0,
	"JFI_BR": 0.0751744,
	"JFI_BBR": 0.059611488,
	"Time(ms)": 0.26509
}

