{
	"Load": 240.0,
	"TDR": 2498972186,
	"TDT": 2488933072,
	"BR": 0.369,
	"BRInnerGroup0-0": 0.0,
	"BRInnerGroup1-1": 0.6156552,
	"BRInnerGroup2-2": 0.0,
	"BRInnerCluster1": 0.0,
	"BRInnerCluster2": 0.0,
	"BRInnerCluster3": 0,
	"BRInnerCluster4": 0.0,
	"BRInnerCluster5": 0.0,
	"BRInnerCluster6": 0,
	"BRCrossGroup0-1": 0.55742925,
	"BRCrossGroup0-2": 0.0,
	"BRCrossGroup1-0": 0.0,
	"BRCrossGroup1-2": 0.0,
	"BRCrossGroup2-0": 0.0,
	"BRCrossGroup2-1": 0.63049614,
	"BRCrossCluster1-2": 0.0,
	"BRCrossCluster1-3": 0.35273367,
	"BRCrossCluster1-4": 0.5549775,
	"BRCrossCluster1-5": 0.0,
	"BRCrossCluster1-6": 0.0776699,
	"BRCrossCluster2-1": 0.0,
	"BRCrossCluster2-3": 0.8179959,
	"BRCrossCluster2-4": 0.6452978,
	"BRCrossCluster2-5": 0.0,
	"BRCrossCluster2-6": 0.094921686,
	"BRCrossCluster3-1": 0.0,
	"BRCrossCluster3-2": 0.0,
	"BRCrossCluster3-4": 0.5795574,
	"BRCrossCluster3-5": 0.0,
	"BRCrossCluster3-6": 0.16638935,
	"BRCrossCluster4-1": 0.0,
	"BRCrossCluster4-2": 0.0,
	"BRCrossCluster4-3": 0.68313193,
	"BRCrossCluster4-5": 0.0,
	"BRCrossCluster4-6": 0.07724393,
	"BRCrossCluster5-1": 0.0,
	"BRCrossCluster5-2": 0.0,
	"BRCrossCluster5-3": 0.26857656,
	"BRCrossCluster5-4": 0.7852033,
	"BRCrossCluster5-6": 0.28089887,
	"BRCrossCluster6-1": 0.0,
	"BRCrossCluster6-2": 0.0,
	"BRCrossCluster6-3": 0.608365,
	"BRCrossCluster6-4": 0.62213004,
	"BRCrossCluster6-5": 0.0,
	"BBR": 0.36715838,
	"BBRinnerGroup0-0": 0.0,
	"BBRinnerGroup1-1": 0.6427945,
	"BBRinnerGroup2-2": 0.0,
	"BBRinnerCluster1": 0.0,
	"BBRinnerCluster2": 0.0,
	"BBRinnerCluster3": 0,
	"BBRinnerCluster4": 0.6556499,
	"BBRinnerCluster5": 0.0,
	"BBRinnerCluster6": 0.25490937,
	"BBRcrossGroup0-1": 0.5147162,
	"BBRcrossGroup0-2": 0.0,
	"BBRcrossGroup1-0": 0.0,
	"BBRcrossGroup1-2": 0.0,
	"BBRcrossGroup2-0": 0.0,
	"BBRcrossGroup2-1": 0.6369295,
	"BBRcrossCluster1-2": 0.0,
	"BBRcrossCluster1-3": 0.17961383,
	"BBRcrossCluster1-4": 0.5809417,
	"BBRcrossCluster1-5": 0.0,
	"BBRcrossCluster1-6": 0.058399845,
	"BBRcrossCluster2-1": 0.0,
	"BBRcrossCluster2-3": 0.58703417,
	"BBRcrossCluster2-4": 0.6165033,
	"BBRcrossCluster2-5": 0.0,
	"BBRcrossCluster2-6": 0.07183908,
	"BBRcrossCluster3-1": 0.0,
	"BBRcrossCluster3-2": 0.0,
	"BBRcrossCluster3-4": 0.7225047,
	"BBRcrossCluster3-5": 0.0,
	"BBRcrossCluster3-6": 0.28397566,
	"BBRcrossCluster4-1": 0.0,
	"BBRcrossCluster4-2": 0.0,
	"BBRcrossCluster4-3": 0.7824726,
	"BBRcrossCluster4-5": 0.0,
	"BBRcrossCluster4-6": 0.038639873,
	"BBRcrossCluster5-1": 0.0,
	"BBRcrossCluster5-2": 0.0,
	"BBRcrossCluster5-3": 0.13636364,
	"BBRcrossCluster5-4": 0.7926829,
	"BBRcrossCluster5-6": 0.4227904,
	"BBRcrossCluster6-1": 0.0,
	"BBRcrossCluster6-2": 0.0,
	"BBRcrossCluster6-3": 0.6194857,
	"BBRcrossCluster5-4": 0.62918687,
	"BBRcrossCluster6-5": 0.0,
	"LP": 99631,
	"TR": 1.0,
	"VH": 1.0,
	"PH": 2.792143007698407,
	"OXCAST": 0.015940691395643882,
	"Spec": 95.03197674418605,
	"Frag": 6.258766806917741,
	"PC": 17341.47773830569,
	"TP": 1.7287110884832613E9,
	"EE": 1.4397623111122306,
	"EEE": 1.434476103089821,
	"BPSK": 100.0,
	"QPSK": 0.0,
	"8QAM": 0.0,
	"16QAM": 0.0,
	"32QAM": 0.0,
	"64QAM": 0.0,
	"MetCos":0.0,
	"MetPC":0.0,
	"LPGrooming": 0.0,
	"STP": 0.01120205056659037,
	"TSTP": 1116.0714999999652,
	"STmax": 0.0,
	"TSTmax": 0.0,
	"JFI_BR": 0.17966472,
	"JFI_BBR": 0.14842992,
	"Time(ms)": 0.23481
}

