{
	"Load": 270.0,
	"TDR": 2502554587,
	"TDT": 2471735963,
	"BR": 1.2509999,
	"BRInnerGroup0-0": 0.0,
	"BRInnerGroup1-1": 2.041583,
	"BRInnerGroup2-2": 0.0,
	"BRInnerCluster1": 0.0,
	"BRInnerCluster2": 0.0,
	"BRInnerCluster3": 0,
	"BRInnerCluster4": 0.0,
	"BRInnerCluster5": 0.0,
	"BRInnerCluster6": 0,
	"BRCrossGroup0-1": 2.1466315,
	"BRCrossGroup0-2": 0.0,
	"BRCrossGroup1-0": 0.0,
	"BRCrossGroup1-2": 0.010494281,
	"BRCrossGroup2-0": 0.0,
	"BRCrossGroup2-1": 1.955878,
	"BRCrossCluster1-2": 0.0,
	"BRCrossCluster1-3": 2.3084025,
	"BRCrossCluster1-4": 1.9501054,
	"BRCrossCluster1-5": 0.0,
	"BRCrossCluster1-6": 1.002004,
	"BRCrossCluster2-1": 0.0,
	"BRCrossCluster2-3": 2.3510115,
	"BRCrossCluster2-4": 2.153135,
	"BRCrossCluster2-5": 0.0,
	"BRCrossCluster2-6": 1.0712622,
	"BRCrossCluster3-1": 0.0,
	"BRCrossCluster3-2": 0.0,
	"BRCrossCluster3-4": 1.6358839,
	"BRCrossCluster3-5": 0.0,
	"BRCrossCluster3-6": 0.3108003,
	"BRCrossCluster4-1": 0.0,
	"BRCrossCluster4-2": 0.0,
	"BRCrossCluster4-3": 2.0876827,
	"BRCrossCluster4-5": 0.04382121,
	"BRCrossCluster4-6": 0.59935457,
	"BRCrossCluster5-1": 0.0,
	"BRCrossCluster5-2": 0.0,
	"BRCrossCluster5-3": 1.9014693,
	"BRCrossCluster5-4": 1.8492427,
	"BRCrossCluster5-6": 0.843035,
	"BRCrossCluster6-1": 0.0,
	"BRCrossCluster6-2": 0.0,
	"BRCrossCluster6-3": 2.2805016,
	"BRCrossCluster6-4": 1.782119,
	"BRCrossCluster6-5": 0.0,
	"BBR": 1.2468016,
	"BBRinnerGroup0-0": 0.0,
	"BBRinnerGroup1-1": 1.9699342,
	"BBRinnerGroup2-2": 0.0,
	"BBRinnerCluster1": 0.0,
	"BBRinnerCluster2": 0.0,
	"BBRinnerCluster3": 0,
	"BBRinnerCluster4": 2.3283985,
	"BBRinnerCluster5": 0.0,
	"BBRinnerCluster6": 0.99909985,
	"BBRcrossGroup0-1": 2.1328082,
	"BBRcrossGroup0-2": 0.0,
	"BBRcrossGroup1-0": 0.0,
	"BBRcrossGroup1-2": 0.01058425,
	"BBRcrossGroup2-0": 0.0,
	"BBRcrossGroup2-1": 1.9997084,
	"BBRcrossCluster1-2": 0.0,
	"BBRcrossCluster1-3": 2.4333177,
	"BBRcrossCluster1-4": 1.9587269,
	"BBRcrossCluster1-5": 0.0,
	"BBRcrossCluster1-6": 0.9443439,
	"BBRcrossCluster2-1": 0.0,
	"BBRcrossCluster2-3": 2.3581026,
	"BBRcrossCluster2-4": 2.1464243,
	"BBRcrossCluster2-5": 0.0,
	"BBRcrossCluster2-6": 1.0069078,
	"BBRcrossCluster3-1": 0.0,
	"BBRcrossCluster3-2": 0.0,
	"BBRcrossCluster3-4": 1.4029619,
	"BBRcrossCluster3-5": 0.0,
	"BBRcrossCluster3-6": 0.15444015,
	"BBRcrossCluster4-1": 0.0,
	"BBRcrossCluster4-2": 0.0,
	"BBRcrossCluster4-3": 1.7838676,
	"BBRcrossCluster4-5": 0.0440044,
	"BBRcrossCluster4-6": 0.6425143,
	"BBRcrossCluster5-1": 0.0,
	"BBRcrossCluster5-2": 0.0,
	"BBRcrossCluster5-3": 1.9265232,
	"BBRcrossCluster5-4": 2.0073955,
	"BBRcrossCluster5-6": 0.7904376,
	"BBRcrossCluster6-1": 0.0,
	"BBRcrossCluster6-2": 0.0,
	"BBRcrossCluster6-3": 2.253361,
	"BBRcrossCluster5-4": 1.8392268,
	"BBRcrossCluster6-5": 0.0,
	"LP": 98749,
	"TR": 1.0,
	"VH": 1.0,
	"PH": 2.795390333066664,
	"OXCAST": 0.008400035845061767,
	"Spec": 94.44912790697674,
	"Frag": 7.18175939635069,
	"PC": 17354.12334518067,
	"TP": 1.714640628635272E9,
	"EE": 1.4415475299726919,
	"EEE": 1.42357429209144,
	"BPSK": 100.0,
	"QPSK": 0.0,
	"8QAM": 0.0,
	"16QAM": 0.0,
	"32QAM": 0.0,
	"64QAM": 0.0,
	"MetCos":0.0,
	"MetPC":0.0,
	"LPGrooming": 0.0,
	"STP": 0.011201456419811504,
	"TSTP": 1106.1326199999662,
	"STmax": 0.0,
	"TSTmax": 0.0,
	"JFI_BR": 0.24806608,
	"JFI_BBR": 0.2363329,
	"Time(ms)": 0.14862
}

