{
	"Load": 240.0,
	"TDR": 2502554587,
	"TDT": 2493300863,
	"BR": 0.36200002,
	"BRInnerGroup0-0": 0.0,
	"BRInnerGroup1-1": 0.6262525,
	"BRInnerGroup2-2": 0.0,
	"BRInnerCluster1": 0.0,
	"BRInnerCluster2": 0.0,
	"BRInnerCluster3": 0,
	"BRInnerCluster4": 0.0,
	"BRInnerCluster5": 0.0,
	"BRInnerCluster6": 0,
	"BRCrossGroup0-1": 0.6133233,
	"BRCrossGroup0-2": 0.0,
	"BRCrossGroup1-0": 0.0,
	"BRCrossGroup1-2": 0.0,
	"BRCrossGroup2-0": 0.0,
	"BRCrossGroup2-1": 0.5504817,
	"BRCrossCluster1-2": 0.0,
	"BRCrossCluster1-3": 0.46168053,
	"BRCrossCluster1-4": 0.54462403,
	"BRCrossCluster1-5": 0.0,
	"BRCrossCluster1-6": 0.2004008,
	"BRCrossCluster2-1": 0.0,
	"BRCrossCluster2-3": 0.60142154,
	"BRCrossCluster2-4": 0.6721983,
	"BRCrossCluster2-5": 0.0,
	"BRCrossCluster2-6": 0.32603633,
	"BRCrossCluster3-1": 0.0,
	"BRCrossCluster3-2": 0.0,
	"BRCrossCluster3-4": 0.5804749,
	"BRCrossCluster3-5": 0.0,
	"BRCrossCluster3-6": 0.15540016,
	"BRCrossCluster4-1": 0.0,
	"BRCrossCluster4-2": 0.0,
	"BRCrossCluster4-3": 0.3131524,
	"BRCrossCluster4-5": 0.0,
	"BRCrossCluster4-6": 0.2151529,
	"BRCrossCluster5-1": 0.0,
	"BRCrossCluster5-2": 0.0,
	"BRCrossCluster5-3": 0.6914434,
	"BRCrossCluster5-4": 0.6868616,
	"BRCrossCluster5-6": 0.2007226,
	"BRCrossCluster6-1": 0.0,
	"BRCrossCluster6-2": 0.0,
	"BRCrossCluster6-3": 0.6841505,
	"BRCrossCluster6-4": 0.4623071,
	"BRCrossCluster6-5": 0.0,
	"BBR": 0.34149346,
	"BBRinnerGroup0-0": 0.0,
	"BBRinnerGroup1-1": 0.57626057,
	"BBRinnerGroup2-2": 0.0,
	"BBRinnerCluster1": 0.0,
	"BBRinnerCluster2": 0.0,
	"BBRinnerCluster3": 0,
	"BBRinnerCluster4": 0.7065949,
	"BBRinnerCluster5": 0.0,
	"BBRinnerCluster6": 0.20702069,
	"BBRcrossGroup0-1": 0.5883609,
	"BBRcrossGroup0-2": 0.0,
	"BBRcrossGroup1-0": 0.0,
	"BBRcrossGroup1-2": 0.0,
	"BBRcrossGroup2-0": 0.0,
	"BBRcrossGroup2-1": 0.5207574,
	"BBRcrossCluster1-2": 0.0,
	"BBRcrossCluster1-3": 0.88909686,
	"BBRcrossCluster1-4": 0.5334033,
	"BBRcrossCluster1-5": 0.0,
	"BBRcrossCluster1-6": 0.12055455,
	"BBRcrossCluster2-1": 0.0,
	"BBRcrossCluster2-3": 0.46613654,
	"BBRcrossCluster2-4": 0.6588035,
	"BBRcrossCluster2-5": 0.0,
	"BBRcrossCluster2-6": 0.24587286,
	"BBRcrossCluster3-1": 0.0,
	"BBRcrossCluster3-2": 0.0,
	"BBRcrossCluster3-4": 0.38971162,
	"BBRcrossCluster3-5": 0.0,
	"BBRcrossCluster3-6": 0.19305019,
	"BBRcrossCluster4-1": 0.0,
	"BBRcrossCluster4-2": 0.0,
	"BBRcrossCluster4-3": 0.336091,
	"BBRcrossCluster4-5": 0.0,
	"BBRcrossCluster4-6": 0.22449295,
	"BBRcrossCluster5-1": 0.0,
	"BBRcrossCluster5-2": 0.0,
	"BBRcrossCluster5-3": 0.71684587,
	"BBRcrossCluster5-4": 0.61630565,
	"BBRcrossCluster5-6": 0.2313476,
	"BBRcrossCluster6-1": 0.0,
	"BBRcrossCluster6-2": 0.0,
	"BBRcrossCluster6-3": 0.7763681,
	"BBRcrossCluster5-4": 0.39331737,
	"BBRcrossCluster6-5": 0.0,
	"LP": 99638,
	"TR": 1.0,
	"VH": 1.0,
	"PH": 2.7934221883217245,
	"OXCAST": 0.00851539243052091,
	"Spec": 95.02325581395348,
	"Frag": 6.31027235996647,
	"PC": 17344.936972333675,
	"TP": 1.729049919377109E9,
	"EE": 1.442006292044022,
	"EEE": 1.437081934899149,
	"BPSK": 100.0,
	"QPSK": 0.0,
	"8QAM": 0.0,
	"16QAM": 0.0,
	"32QAM": 0.0,
	"64QAM": 0.0,
	"MetCos":0.0,
	"MetPC":0.0,
	"LPGrooming": 0.0,
	"STP": 0.011192643168268715,
	"TSTP": 1115.2125799999583,
	"STmax": 0.0,
	"TSTmax": 0.0,
	"JFI_BR": 0.19046898,
	"JFI_BBR": 0.16555321,
	"Time(ms)": 0.13831
}

