{
	"Load": 240.0,
	"TDR": 2504070571,
	"TDT": 2496445888,
	"BR": 0.29,
	"BRInnerGroup0-0": 0.0,
	"BRInnerGroup1-1": 0.5373625,
	"BRInnerGroup2-2": 0.0,
	"BRInnerCluster1": 0.0,
	"BRInnerCluster2": 0.0,
	"BRInnerCluster3": 0,
	"BRInnerCluster4": 0.0,
	"BRInnerCluster5": 0.0,
	"BRInnerCluster6": 0,
	"BRCrossGroup0-1": 0.4176835,
	"BRCrossGroup0-2": 0.0,
	"BRCrossGroup1-0": 0.0,
	"BRCrossGroup1-2": 0.0,
	"BRCrossGroup2-0": 0.0,
	"BRCrossGroup2-1": 0.48557916,
	"BRCrossCluster1-2": 0.0,
	"BRCrossCluster1-3": 0.35682425,
	"BRCrossCluster1-4": 0.45319852,
	"BRCrossCluster1-5": 0.0,
	"BRCrossCluster1-6": 0.2386635,
	"BRCrossCluster2-1": 0.0,
	"BRCrossCluster2-3": 0.10689472,
	"BRCrossCluster2-4": 0.47881752,
	"BRCrossCluster2-5": 0.0,
	"BRCrossCluster2-6": 0.121212125,
	"BRCrossCluster3-1": 0.0,
	"BRCrossCluster3-2": 0.0,
	"BRCrossCluster3-4": 0.57621795,
	"BRCrossCluster3-5": 0.0,
	"BRCrossCluster3-6": 0.15186028,
	"BRCrossCluster4-1": 0.0,
	"BRCrossCluster4-2": 0.0,
	"BRCrossCluster4-3": 0.37253857,
	"BRCrossCluster4-5": 0.0,
	"BRCrossCluster4-6": 0.16768293,
	"BRCrossCluster5-1": 0.0,
	"BRCrossCluster5-2": 0.0,
	"BRCrossCluster5-3": 0.72529465,
	"BRCrossCluster5-4": 0.3893116,
	"BRCrossCluster5-6": 0.07990411,
	"BRCrossCluster6-1": 0.0,
	"BRCrossCluster6-2": 0.0,
	"BRCrossCluster6-3": 0.40650403,
	"BRCrossCluster6-4": 0.48492196,
	"BRCrossCluster6-5": 0.0,
	"BBR": 0.29325512,
	"BBRinnerGroup0-0": 0.0,
	"BBRinnerGroup1-1": 0.574927,
	"BBRinnerGroup2-2": 0.0,
	"BBRinnerCluster1": 0.0,
	"BBRinnerCluster2": 0.0,
	"BBRinnerCluster3": 0,
	"BBRinnerCluster4": 0.66562253,
	"BBRinnerCluster5": 0.0,
	"BBRinnerCluster6": 0.30617929,
	"BBRcrossGroup0-1": 0.40922272,
	"BBRcrossGroup0-2": 0.0,
	"BBRcrossGroup1-0": 0.0,
	"BBRcrossGroup1-2": 0.0,
	"BBRcrossGroup2-0": 0.0,
	"BBRcrossGroup2-1": 0.47900164,
	"BBRcrossCluster1-2": 0.0,
	"BBRcrossCluster1-3": 0.2748511,
	"BBRcrossCluster1-4": 0.40374538,
	"BBRcrossCluster1-5": 0.0,
	"BBRcrossCluster1-6": 0.27944112,
	"BBRcrossCluster2-1": 0.0,
	"BBRcrossCluster2-3": 0.079323106,
	"BBRcrossCluster2-4": 0.47829476,
	"BBRcrossCluster2-5": 0.0,
	"BBRcrossCluster2-6": 0.16015771,
	"BBRcrossCluster3-1": 0.0,
	"BBRcrossCluster3-2": 0.0,
	"BBRcrossCluster3-4": 0.6147541,
	"BBRcrossCluster3-5": 0.0,
	"BBRcrossCluster3-6": 0.07757952,
	"BBRcrossCluster4-1": 0.0,
	"BBRcrossCluster4-2": 0.0,
	"BBRcrossCluster4-3": 0.36439356,
	"BBRcrossCluster4-5": 0.0,
	"BBRcrossCluster4-6": 0.18194222,
	"BBRcrossCluster5-1": 0.0,
	"BBRcrossCluster5-2": 0.0,
	"BBRcrossCluster5-3": 0.75117373,
	"BBRcrossCluster5-4": 0.30959755,
	"BBRcrossCluster5-6": 0.039123632,
	"BBRcrossCluster6-1": 0.0,
	"BBRcrossCluster6-2": 0.0,
	"BBRcrossCluster6-3": 0.4616805,
	"BBRcrossCluster5-4": 0.5158549,
	"BBRcrossCluster6-5": 0.0,
	"LP": 99710,
	"TR": 1.0,
	"VH": 1.0,
	"PH": 2.7940126366462743,
	"OXCAST": 0.01921757534246111,
	"Spec": 95.05087209302326,
	"Frag": 5.307245288318324,
	"PC": 17292.87716171126,
	"TP": 1.7237881048206027E9,
	"EE": 1.4482324602534655,
	"EEE": 1.4439854444067999,
	"BPSK": 100.0,
	"QPSK": 0.0,
	"8QAM": 0.0,
	"16QAM": 0.0,
	"32QAM": 0.0,
	"64QAM": 0.0,
	"MetCos":0.0,
	"MetPC":0.0,
	"LPGrooming": 0.0,
	"STP": 0.010979504763814792,
	"TSTP": 1094.7664199999729,
	"STmax": 0.0,
	"TSTmax": 0.0,
	"JFI_BR": 0.1578229,
	"JFI_BBR": 0.13475415,
	"Time(ms)": 0.13424
}

