{
	"Load": 300.0,
	"TDR": 2498972186,
	"TDT": 2426366123,
	"BR": 2.856,
	"BRInnerGroup0-0": 0.0,
	"BRInnerGroup1-1": 4.7744694,
	"BRInnerGroup2-2": 0.0,
	"BRInnerCluster1": 0.0,
	"BRInnerCluster2": 0.0,
	"BRInnerCluster3": 0,
	"BRInnerCluster4": 0.0,
	"BRInnerCluster5": 0.0,
	"BRInnerCluster6": 0,
	"BRCrossGroup0-1": 4.506277,
	"BRCrossGroup0-2": 0.0,
	"BRCrossGroup1-0": 0.0,
	"BRCrossGroup1-2": 0.0,
	"BRCrossGroup2-0": 0.0,
	"BRCrossGroup2-1": 4.7038326,
	"BRCrossCluster1-2": 0.0,
	"BRCrossCluster1-3": 5.1146383,
	"BRCrossCluster1-4": 4.682622,
	"BRCrossCluster1-5": 0.0,
	"BRCrossCluster1-6": 1.4757282,
	"BRCrossCluster2-1": 0.0,
	"BRCrossCluster2-3": 3.6298568,
	"BRCrossCluster2-4": 4.5699778,
	"BRCrossCluster2-5": 0.0,
	"BRCrossCluster2-6": 2.2069292,
	"BRCrossCluster3-1": 0.0,
	"BRCrossCluster3-2": 0.0,
	"BRCrossCluster3-4": 4.6891465,
	"BRCrossCluster3-5": 0.0,
	"BRCrossCluster3-6": 1.3311148,
	"BRCrossCluster4-1": 0.0,
	"BRCrossCluster4-2": 0.0,
	"BRCrossCluster4-3": 4.7819233,
	"BRCrossCluster4-5": 0.0,
	"BRCrossCluster4-6": 1.1586591,
	"BRCrossCluster5-1": 0.0,
	"BRCrossCluster5-2": 0.0,
	"BRCrossCluster5-3": 4.297225,
	"BRCrossCluster5-4": 4.920607,
	"BRCrossCluster5-6": 2.4879613,
	"BRCrossCluster6-1": 0.0,
	"BRCrossCluster6-2": 0.0,
	"BRCrossCluster6-3": 3.9923954,
	"BRCrossCluster6-4": 4.9029775,
	"BRCrossCluster6-5": 0.0,
	"BBR": 2.8830962,
	"BBRinnerGroup0-0": 0.0,
	"BBRinnerGroup1-1": 4.8131194,
	"BBRinnerGroup2-2": 0.0,
	"BBRinnerCluster1": 0.0,
	"BBRinnerCluster2": 0.0,
	"BBRinnerCluster3": 0,
	"BBRinnerCluster4": 4.9173746,
	"BBRinnerCluster5": 0.0,
	"BBRinnerCluster6": 1.6521903,
	"BBRcrossGroup0-1": 4.587993,
	"BBRcrossGroup0-2": 0.0,
	"BBRcrossGroup1-0": 0.0,
	"BBRcrossGroup1-2": 0.0,
	"BBRcrossGroup2-0": 0.0,
	"BBRcrossGroup2-1": 4.6721992,
	"BBRcrossCluster1-2": 0.0,
	"BBRcrossCluster1-3": 3.9964075,
	"BBRcrossCluster1-4": 4.656204,
	"BBRcrossCluster1-5": 0.0,
	"BBRcrossCluster1-6": 1.8103951,
	"BBRcrossCluster2-1": 0.0,
	"BBRcrossCluster2-3": 3.496682,
	"BBRcrossCluster2-4": 4.7423334,
	"BBRcrossCluster2-5": 0.0,
	"BBRcrossCluster2-6": 2.4545019,
	"BBRcrossCluster3-1": 0.0,
	"BBRcrossCluster3-2": 0.0,
	"BBRcrossCluster3-4": 5.030773,
	"BBRcrossCluster3-5": 0.0,
	"BBRcrossCluster3-6": 1.0953348,
	"BBRcrossCluster4-1": 0.0,
	"BBRcrossCluster4-2": 0.0,
	"BBRcrossCluster4-3": 4.7730827,
	"BBRcrossCluster4-5": 0.0,
	"BBRcrossCluster4-6": 1.0973724,
	"BBRcrossCluster5-1": 0.0,
	"BBRcrossCluster5-2": 0.0,
	"BBRcrossCluster5-3": 4.136364,
	"BBRcrossCluster5-4": 5.034843,
	"BBRcrossCluster5-6": 2.8790014,
	"BBRcrossCluster6-1": 0.0,
	"BBRcrossCluster6-2": 0.0,
	"BBRcrossCluster6-3": 4.1674485,
	"BBRcrossCluster5-4": 4.822532,
	"BBRcrossCluster6-5": 0.0,
	"LP": 97144,
	"TR": 1.0,
	"VH": 1.0,
	"PH": 2.810343407724615,
	"OXCAST": 0.015575456711644687,
	"Spec": 93.93459302325581,
	"Frag": 6.769443604438566,
	"PC": 17369.214054980876,
	"TP": 1.6883493316868656E9,
	"EE": 1.4371232762450685,
	"EEE": 1.395689629418081,
	"BPSK": 100.0,
	"QPSK": 0.0,
	"8QAM": 0.0,
	"16QAM": 0.0,
	"32QAM": 0.0,
	"64QAM": 0.0,
	"MetCos":0.0,
	"MetPC":0.0,
	"LPGrooming": 0.0,
	"STP": 0.011057928847895937,
	"TSTP": 1074.211440000003,
	"STmax": 0.0,
	"TSTmax": 0.0,
	"JFI_BR": 0.26656222,
	"JFI_BBR": 0.25697282,
	"Time(ms)": 0.08434
}

