{
	"Load": 270.0,
	"TDR": 2517270854,
	"TDT": 2485747539,
	"BR": 1.317,
	"BRInnerGroup0-0": 0.0,
	"BRInnerGroup1-1": 2.1297796,
	"BRInnerGroup2-2": 0.0,
	"BRInnerCluster1": 0.0,
	"BRInnerCluster2": 0.0,
	"BRInnerCluster3": 0,
	"BRInnerCluster4": 0.0,
	"BRInnerCluster5": 0.0,
	"BRInnerCluster6": 0,
	"BRCrossGroup0-1": 2.1682649,
	"BRCrossGroup0-2": 0.0,
	"BRCrossGroup1-0": 0.0,
	"BRCrossGroup1-2": 0.0,
	"BRCrossGroup2-0": 0.0,
	"BRCrossGroup2-1": 2.1378853,
	"BRCrossCluster1-2": 0.0,
	"BRCrossCluster1-3": 1.8518518,
	"BRCrossCluster1-4": 2.455197,
	"BRCrossCluster1-5": 0.0,
	"BRCrossCluster1-6": 0.71428573,
	"BRCrossCluster2-1": 0.0,
	"BRCrossCluster2-3": 1.974026,
	"BRCrossCluster2-4": 2.294395,
	"BRCrossCluster2-5": 0.0,
	"BRCrossCluster2-6": 0.65391135,
	"BRCrossCluster3-1": 0.0,
	"BRCrossCluster3-2": 0.0,
	"BRCrossCluster3-4": 2.7466938,
	"BRCrossCluster3-5": 0.0,
	"BRCrossCluster3-6": 0.24291497,
	"BRCrossCluster4-1": 0.0,
	"BRCrossCluster4-2": 0.0,
	"BRCrossCluster4-3": 1.852805,
	"BRCrossCluster4-5": 0.0,
	"BRCrossCluster4-6": 0.41905946,
	"BRCrossCluster5-1": 0.0,
	"BRCrossCluster5-2": 0.0,
	"BRCrossCluster5-3": 1.5971607,
	"BRCrossCluster5-4": 2.1287642,
	"BRCrossCluster5-6": 0.6838295,
	"BRCrossCluster6-1": 0.0,
	"BRCrossCluster6-2": 0.0,
	"BRCrossCluster6-3": 2.063722,
	"BRCrossCluster6-4": 2.3024595,
	"BRCrossCluster6-5": 0.0,
	"BBR": 1.2908528,
	"BBRinnerGroup0-0": 0.0,
	"BBRinnerGroup1-1": 2.1340122,
	"BBRinnerGroup2-2": 0.0,
	"BBRinnerCluster1": 0.0,
	"BBRinnerCluster2": 0.0,
	"BBRinnerCluster3": 0,
	"BBRinnerCluster4": 2.4798882,
	"BBRinnerCluster5": 0.0,
	"BBRinnerCluster6": 0.7356321,
	"BBRcrossGroup0-1": 2.0777686,
	"BBRcrossGroup0-2": 0.0,
	"BBRcrossGroup1-0": 0.0,
	"BBRcrossGroup1-2": 0.0,
	"BBRcrossGroup2-0": 0.0,
	"BBRcrossGroup2-1": 2.097931,
	"BBRcrossCluster1-2": 0.0,
	"BBRcrossCluster1-3": 1.5320334,
	"BBRcrossCluster1-4": 2.4161072,
	"BBRcrossCluster1-5": 0.0,
	"BBRcrossCluster1-6": 0.44679126,
	"BBRcrossCluster2-1": 0.0,
	"BBRcrossCluster2-3": 1.943237,
	"BBRcrossCluster2-4": 2.2355793,
	"BBRcrossCluster2-5": 0.0,
	"BBRcrossCluster2-6": 0.65478355,
	"BBRcrossCluster3-1": 0.0,
	"BBRcrossCluster3-2": 0.0,
	"BBRcrossCluster3-4": 2.539764,
	"BBRcrossCluster3-5": 0.0,
	"BBRcrossCluster3-6": 0.12024049,
	"BBRcrossCluster4-1": 0.0,
	"BBRcrossCluster4-2": 0.0,
	"BBRcrossCluster4-3": 1.8610748,
	"BBRcrossCluster4-5": 0.0,
	"BBRcrossCluster4-6": 0.34959602,
	"BBRcrossCluster5-1": 0.0,
	"BBRcrossCluster5-2": 0.0,
	"BBRcrossCluster5-3": 1.4744146,
	"BBRcrossCluster5-4": 2.0276737,
	"BBRcrossCluster5-6": 0.7619812,
	"BBRcrossCluster6-1": 0.0,
	"BBRcrossCluster6-2": 0.0,
	"BBRcrossCluster6-3": 2.0169852,
	"BBRcrossCluster5-4": 2.2574286,
	"BBRcrossCluster6-5": 0.0,
	"LP": 98683,
	"TR": 1.0,
	"VH": 1.0,
	"PH": 2.8050626754354853,
	"OXCAST": 0.01187329471097029,
	"Spec": 94.45058139534883,
	"Frag": 6.065091896079233,
	"PC": 17342.761694056913,
	"TP": 1.714076424190779E9,
	"EE": 1.4501964462719505,
	"EEE": 1.431476545055676,
	"BPSK": 100.0,
	"QPSK": 0.0,
	"8QAM": 0.0,
	"16QAM": 0.0,
	"32QAM": 0.0,
	"64QAM": 0.0,
	"MetCos":0.0,
	"MetPC":0.0,
	"LPGrooming": 0.0,
	"STP": 0.011027401882796172,
	"TSTP": 1088.2170999999746,
	"STmax": 0.0,
	"TSTmax": 0.0,
	"JFI_BR": 0.24004546,
	"JFI_BBR": 0.22640863,
	"Time(ms)": 0.13795
}

