{
	"Load": 300.0,
	"TDR": 2502554587,
	"TDT": 2433677064,
	"BR": 2.815,
	"BRInnerGroup0-0": 0.0,
	"BRInnerGroup1-1": 4.502755,
	"BRInnerGroup2-2": 0.0,
	"BRInnerCluster1": 0.0,
	"BRInnerCluster2": 0.0,
	"BRInnerCluster3": 0,
	"BRInnerCluster4": 0.0,
	"BRInnerCluster5": 0.0,
	"BRInnerCluster6": 0,
	"BRCrossGroup0-1": 4.699,
	"BRCrossGroup0-2": 0.0,
	"BRCrossGroup1-0": 0.011684974,
	"BRCrossGroup1-2": 0.020988561,
	"BRCrossGroup2-0": 0.0,
	"BRCrossGroup2-1": 4.5748363,
	"BRCrossCluster1-2": 0.0,
	"BRCrossCluster1-3": 4.0627885,
	"BRCrossCluster1-4": 4.655657,
	"BRCrossCluster1-5": 0.0,
	"BRCrossCluster1-6": 2.244489,
	"BRCrossCluster2-1": 0.0,
	"BRCrossCluster2-3": 4.483324,
	"BRCrossCluster2-4": 4.6528726,
	"BRCrossCluster2-5": 0.0,
	"BRCrossCluster2-6": 2.468561,
	"BRCrossCluster3-1": 0.0,
	"BRCrossCluster3-2": 0.0,
	"BRCrossCluster3-4": 4.6437993,
	"BRCrossCluster3-5": 0.0,
	"BRCrossCluster3-6": 1.010101,
	"BRCrossCluster4-1": 0.0,
	"BRCrossCluster4-2": 0.0264131,
	"BRCrossCluster4-3": 4.384134,
	"BRCrossCluster4-5": 0.08764242,
	"BRCrossCluster4-6": 1.4292301,
	"BRCrossCluster5-1": 0.0,
	"BRCrossCluster5-2": 0.0,
	"BRCrossCluster5-3": 4.2350907,
	"BRCrossCluster5-4": 4.03311,
	"BRCrossCluster5-6": 2.087515,
	"BRCrossCluster6-1": 0.0,
	"BRCrossCluster6-2": 0.0,
	"BRCrossCluster6-3": 4.3329535,
	"BRCrossCluster6-4": 4.5708747,
	"BRCrossCluster6-5": 0.0,
	"BBR": 2.787528,
	"BBRinnerGroup0-0": 0.0,
	"BBRinnerGroup1-1": 4.3438773,
	"BBRinnerGroup2-2": 0.0,
	"BBRinnerCluster1": 0.0,
	"BBRinnerCluster2": 0.0,
	"BBRinnerCluster3": 0,
	"BBRinnerCluster4": 4.555855,
	"BBRinnerCluster5": 0.0,
	"BBRinnerCluster6": 2.3672366,
	"BBRcrossGroup0-1": 4.604873,
	"BBRcrossGroup0-2": 0.0,
	"BBRcrossGroup1-0": 0.02346867,
	"BBRcrossGroup1-2": 0.042337,
	"BBRcrossGroup2-0": 0.0,
	"BBRcrossGroup2-1": 4.638907,
	"BBRcrossCluster1-2": 0.0,
	"BBRcrossCluster1-3": 4.2115116,
	"BBRcrossCluster1-4": 4.870584,
	"BBRcrossCluster1-5": 0.0,
	"BBRcrossCluster1-6": 2.4512758,
	"BBRcrossCluster2-1": 0.0,
	"BBRcrossCluster2-3": 4.3871675,
	"BBRcrossCluster2-4": 4.3247266,
	"BBRcrossCluster2-5": 0.0,
	"BBRcrossCluster2-6": 2.3182297,
	"BBRcrossCluster3-1": 0.0,
	"BBRcrossCluster3-2": 0.0,
	"BBRcrossCluster3-4": 4.1049623,
	"BBRcrossCluster3-5": 0.0,
	"BBRcrossCluster3-6": 0.57915056,
	"BBRcrossCluster4-1": 0.0,
	"BBRcrossCluster4-2": 0.052910052,
	"BBRcrossCluster4-3": 4.3174767,
	"BBRcrossCluster4-5": 0.1760176,
	"BBRcrossCluster4-6": 1.3701811,
	"BBRcrossCluster5-1": 0.0,
	"BBRcrossCluster5-2": 0.0,
	"BBRcrossCluster5-3": 4.345878,
	"BBRcrossCluster5-4": 4.1204433,
	"BBRcrossCluster5-6": 2.0050125,
	"BBRcrossCluster6-1": 0.0,
	"BBRcrossCluster6-2": 0.0,
	"BBRcrossCluster6-3": 4.6960807,
	"BBRcrossCluster5-4": 4.6448903,
	"BBRcrossCluster6-5": 0.0,
	"LP": 97185,
	"TR": 1.0,
	"VH": 1.0,
	"PH": 2.808108247157483,
	"OXCAST": 0.008285129587374845,
	"Spec": 93.92151162790698,
	"Frag": 6.806780934950483,
	"PC": 17358.3274416444,
	"TP": 1.6880064025455368E9,
	"EE": 1.441746346654836,
	"EEE": 1.4015572630046327,
	"BPSK": 100.0,
	"QPSK": 0.0,
	"8QAM": 0.0,
	"16QAM": 0.0,
	"32QAM": 0.0,
	"64QAM": 0.0,
	"MetCos":0.0,
	"MetPC":0.0,
	"LPGrooming": 0.0,
	"STP": 0.011042615835776981,
	"TSTP": 1073.1766199999859,
	"STmax": 0.0,
	"TSTmax": 0.0,
	"JFI_BR": 0.27077428,
	"JFI_BBR": 0.26714364,
	"Time(ms)": 0.1455
}

