{
	"Load": 270.0,
	"TDR": 2498972186,
	"TDT": 2466245486,
	"BR": 1.208,
	"BRInnerGroup0-0": 0.0,
	"BRInnerGroup1-1": 1.9474808,
	"BRInnerGroup2-2": 0.0,
	"BRInnerCluster1": 0.0,
	"BRInnerCluster2": 0.0,
	"BRInnerCluster3": 0,
	"BRInnerCluster4": 0.0,
	"BRInnerCluster5": 0.0,
	"BRInnerCluster6": 0,
	"BRCrossGroup0-1": 1.9627131,
	"BRCrossGroup0-2": 0.0,
	"BRCrossGroup1-0": 0.0,
	"BRCrossGroup1-2": 0.0,
	"BRCrossGroup2-0": 0.0,
	"BRCrossGroup2-1": 1.9868923,
	"BRCrossCluster1-2": 0.0,
	"BRCrossCluster1-3": 2.1164021,
	"BRCrossCluster1-4": 1.9944502,
	"BRCrossCluster1-5": 0.0,
	"BRCrossCluster1-6": 0.6213592,
	"BRCrossCluster2-1": 0.0,
	"BRCrossCluster2-3": 1.8404908,
	"BRCrossCluster2-4": 2.0839944,
	"BRCrossCluster2-5": 0.0,
	"BRCrossCluster2-6": 0.7356431,
	"BRCrossCluster3-1": 0.0,
	"BRCrossCluster3-2": 0.0,
	"BRCrossCluster3-4": 1.4752371,
	"BRCrossCluster3-5": 0.0,
	"BRCrossCluster3-6": 0.5823627,
	"BRCrossCluster4-1": 0.0,
	"BRCrossCluster4-2": 0.0,
	"BRCrossCluster4-3": 1.996847,
	"BRCrossCluster4-5": 0.0,
	"BRCrossCluster4-6": 0.5252588,
	"BRCrossCluster5-1": 0.0,
	"BRCrossCluster5-2": 0.0,
	"BRCrossCluster5-3": 1.3428826,
	"BRCrossCluster5-4": 2.3905077,
	"BRCrossCluster5-6": 0.7624398,
	"BRCrossCluster6-1": 0.0,
	"BRCrossCluster6-2": 0.0,
	"BRCrossCluster6-3": 1.6349809,
	"BRCrossCluster6-4": 1.9330469,
	"BRCrossCluster6-5": 0.0,
	"BBR": 1.2022933,
	"BBRinnerGroup0-0": 0.0,
	"BBRinnerGroup1-1": 2.013044,
	"BBRinnerGroup2-2": 0.0,
	"BBRinnerCluster1": 0.0,
	"BBRinnerCluster2": 0.0,
	"BBRinnerCluster3": 0,
	"BBRinnerCluster4": 2.1141365,
	"BBRinnerCluster5": 0.0,
	"BBRinnerCluster6": 0.9818731,
	"BBRcrossGroup0-1": 1.9395443,
	"BBRcrossGroup0-2": 0.0,
	"BBRcrossGroup1-0": 0.0,
	"BBRcrossGroup1-2": 0.0,
	"BBRcrossGroup2-0": 0.0,
	"BBRcrossGroup2-1": 1.921162,
	"BBRcrossCluster1-2": 0.0,
	"BBRcrossCluster1-3": 1.8859452,
	"BBRcrossCluster1-4": 2.1416805,
	"BBRcrossCluster1-5": 0.0,
	"BBRcrossCluster1-6": 0.83706445,
	"BBRcrossCluster2-1": 0.0,
	"BBRcrossCluster2-3": 1.250638,
	"BBRcrossCluster2-4": 2.055011,
	"BBRcrossCluster2-5": 0.0,
	"BBRcrossCluster2-6": 0.6944445,
	"BBRcrossCluster3-1": 0.0,
	"BBRcrossCluster3-2": 0.0,
	"BBRcrossCluster3-4": 1.6323254,
	"BBRcrossCluster3-5": 0.0,
	"BBRcrossCluster3-6": 0.5679513,
	"BBRcrossCluster4-1": 0.0,
	"BBRcrossCluster4-2": 0.0,
	"BBRcrossCluster4-3": 2.112676,
	"BBRcrossCluster4-5": 0.0,
	"BBRcrossCluster4-6": 0.5332303,
	"BBRcrossCluster5-1": 0.0,
	"BBRcrossCluster5-2": 0.0,
	"BBRcrossCluster5-3": 1.909091,
	"BBRcrossCluster5-4": 2.3519163,
	"BBRcrossCluster5-6": 0.7046507,
	"BBRcrossCluster6-1": 0.0,
	"BBRcrossCluster6-2": 0.0,
	"BBRcrossCluster6-3": 1.670734,
	"BBRcrossCluster5-4": 1.8024353,
	"BBRcrossCluster6-5": 0.0,
	"LP": 98792,
	"TR": 1.0,
	"VH": 1.0,
	"PH": 2.8057332577536642,
	"OXCAST": 0.015717157328735108,
	"Spec": 94.45203488372093,
	"Frag": 6.164446720556901,
	"PC": 17347.91482404652,
	"TP": 1.71453749363296E9,
	"EE": 1.4384319358185829,
	"EEE": 1.4211377653630817,
	"BPSK": 100.0,
	"QPSK": 0.0,
	"8QAM": 0.0,
	"16QAM": 0.0,
	"32QAM": 0.0,
	"64QAM": 0.0,
	"MetCos":0.0,
	"MetPC":0.0,
	"LPGrooming": 0.0,
	"STP": 0.011038864685399568,
	"TSTP": 1090.551519999994,
	"STmax": 0.0,
	"TSTmax": 0.0,
	"JFI_BR": 0.24628823,
	"JFI_BBR": 0.22770691,
	"Time(ms)": 0.07784
}

