{
	"Load": 270.0,
	"TDR": 2518368159,
	"TDT": 2484313792,
	"BR": 1.394,
	"BRInnerGroup0-0": 0.0,
	"BRInnerGroup1-1": 2.4295065,
	"BRInnerGroup2-2": 0.0,
	"BRInnerCluster1": 0.0,
	"BRInnerCluster2": 0.0,
	"BRInnerCluster3": 0,
	"BRInnerCluster4": 0.0,
	"BRInnerCluster5": 0.0,
	"BRInnerCluster6": 0,
	"BRCrossGroup0-1": 2.2002356,
	"BRCrossGroup0-2": 0.0,
	"BRCrossGroup1-0": 0.0,
	"BRCrossGroup1-2": 0.0,
	"BRCrossGroup2-0": 0.0,
	"BRCrossGroup2-1": 2.2653043,
	"BRCrossCluster1-2": 0.0,
	"BRCrossCluster1-3": 2.247191,
	"BRCrossCluster1-4": 2.4799163,
	"BRCrossCluster1-5": 0.0,
	"BRCrossCluster1-6": 1.012067,
	"BRCrossCluster2-1": 0.0,
	"BRCrossCluster2-3": 2.0364416,
	"BRCrossCluster2-4": 2.0931945,
	"BRCrossCluster2-5": 0.0,
	"BRCrossCluster2-6": 0.8868145,
	"BRCrossCluster3-1": 0.0,
	"BRCrossCluster3-2": 0.0,
	"BRCrossCluster3-4": 2.1367521,
	"BRCrossCluster3-5": 0.0,
	"BRCrossCluster3-6": 1.3333334,
	"BRCrossCluster4-1": 0.0,
	"BRCrossCluster4-2": 0.0,
	"BRCrossCluster4-3": 2.2575681,
	"BRCrossCluster4-5": 0.0,
	"BRCrossCluster4-6": 0.8245877,
	"BRCrossCluster5-1": 0.0,
	"BRCrossCluster5-2": 0.0,
	"BRCrossCluster5-3": 2.1778584,
	"BRCrossCluster5-4": 2.4446414,
	"BRCrossCluster5-6": 0.7548669,
	"BRCrossCluster6-1": 0.0,
	"BRCrossCluster6-2": 0.0,
	"BRCrossCluster6-3": 2.0129132,
	"BRCrossCluster6-4": 2.3028038,
	"BRCrossCluster6-5": 0.0,
	"BBR": 1.3896514,
	"BBRinnerGroup0-0": 0.0,
	"BBRinnerGroup1-1": 2.4813662,
	"BBRinnerGroup2-2": 0.0,
	"BBRinnerCluster1": 0.0,
	"BBRinnerCluster2": 0.0,
	"BBRinnerCluster3": 0,
	"BBRinnerCluster4": 2.5488756,
	"BBRinnerCluster5": 0.0,
	"BBRinnerCluster6": 1.0451045,
	"BBRcrossGroup0-1": 2.216674,
	"BBRcrossGroup0-2": 0.0,
	"BBRcrossGroup1-0": 0.0,
	"BBRcrossGroup1-2": 0.0,
	"BBRcrossGroup2-0": 0.0,
	"BBRcrossGroup2-1": 2.1882985,
	"BBRcrossCluster1-2": 0.0,
	"BBRcrossCluster1-3": 2.189101,
	"BBRcrossCluster1-4": 2.2928295,
	"BBRcrossCluster1-5": 0.0,
	"BBRcrossCluster1-6": 1.32647,
	"BBRcrossCluster2-1": 0.0,
	"BBRcrossCluster2-3": 2.333065,
	"BBRcrossCluster2-4": 2.1393166,
	"BBRcrossCluster2-5": 0.0,
	"BBRcrossCluster2-6": 0.8273009,
	"BBRcrossCluster3-1": 0.0,
	"BBRcrossCluster3-2": 0.0,
	"BBRcrossCluster3-4": 2.028451,
	"BBRcrossCluster3-5": 0.0,
	"BBRcrossCluster3-6": 1.398322,
	"BBRcrossCluster4-1": 0.0,
	"BBRcrossCluster4-2": 0.0,
	"BBRcrossCluster4-3": 2.3605707,
	"BBRcrossCluster4-5": 0.0,
	"BBRcrossCluster4-6": 0.75561154,
	"BBRcrossCluster5-1": 0.0,
	"BBRcrossCluster5-2": 0.0,
	"BBRcrossCluster5-3": 2.0285847,
	"BBRcrossCluster5-4": 2.4322133,
	"BBRcrossCluster5-6": 0.56349367,
	"BBRcrossCluster6-1": 0.0,
	"BBRcrossCluster6-2": 0.0,
	"BBRcrossCluster6-3": 1.7162472,
	"BBRcrossCluster5-4": 2.2392788,
	"BBRcrossCluster6-5": 0.0,
	"LP": 98606,
	"TR": 1.0,
	"VH": 1.0,
	"PH": 2.8016449303287834,
	"OXCAST": 0.010475919100775574,
	"Spec": 94.42151162790698,
	"Frag": 6.168351524140327,
	"PC": 17330.331971345106,
	"TP": 1.7110087834052143E9,
	"EE": 1.4519585265107582,
	"EEE": 1.4317813642622172,
	"BPSK": 100.0,
	"QPSK": 0.0,
	"8QAM": 0.0,
	"16QAM": 0.0,
	"32QAM": 0.0,
	"64QAM": 0.0,
	"MetCos":0.0,
	"MetPC":0.0,
	"LPGrooming": 0.0,
	"STP": 0.011020993651501807,
	"TSTP": 1086.7360999999871,
	"STmax": 0.0,
	"TSTmax": 0.0,
	"JFI_BR": 0.2510804,
	"JFI_BBR": 0.24676289,
	"Time(ms)": 0.11946
}

