{
	"Load": 240.0,
	"TDR": 2502554587,
	"TDT": 2329243218,
	"BR": 3.423,
	"BRInnerGroup0-0": 3.2117903,
	"BRInnerGroup1-1": 4.0423565,
	"BRInnerGroup2-2": 2.95858,
	"BRInnerCluster1": 1.2455997,
	"BRInnerCluster2": 4.315961,
	"BRInnerCluster3": 1.2477719,
	"BRInnerCluster4": 1.2455997,
	"BRInnerCluster5": 4.315961,
	"BRInnerCluster6": 1.2477719,
	"BRCrossGroup0-1": 4.8246503,
	"BRCrossGroup0-2": 2.2766697,
	"BRCrossGroup1-0": 1.9764293,
	"BRCrossGroup1-2": 0.94902384,
	"BRCrossGroup2-0": 1.9689345,
	"BRCrossGroup2-1": 2.2128322,
	"BRCrossCluster1-2": 3.6051717,
	"BRCrossCluster1-3": 3.4962769,
	"BRCrossCluster1-4": 4.7021513,
	"BRCrossCluster1-5": 2.1476512,
	"BRCrossCluster1-6": 1.8331805,
	"BRCrossCluster2-1": 3.8767154,
	"BRCrossCluster2-3": 9.916263,
	"BRCrossCluster2-4": 0.81344897,
	"BRCrossCluster2-5": 3.2809296,
	"BRCrossCluster2-6": 2.1447723,
	"BRCrossCluster3-1": 0.80443823,
	"BRCrossCluster3-2": 4.0547943,
	"BRCrossCluster3-4": 4.964756,
	"BRCrossCluster3-5": 1.507159,
	"BRCrossCluster3-6": 0.28571427,
	"BRCrossCluster4-1": 2.4291499,
	"BRCrossCluster4-2": 0.38732395,
	"BRCrossCluster4-3": 8.425585,
	"BRCrossCluster4-5": 1.084991,
	"BRCrossCluster4-6": 1.2391573,
	"BRCrossCluster5-1": 2.6422765,
	"BRCrossCluster5-2": 2.2268615,
	"BRCrossCluster5-3": 3.5413642,
	"BRCrossCluster5-4": 2.1697755,
	"BRCrossCluster5-6": 4.8128343,
	"BRCrossCluster6-1": 1.347709,
	"BRCrossCluster6-2": 1.6513761,
	"BRCrossCluster6-3": 0.79776627,
	"BRCrossCluster6-4": 2.0770009,
	"BRCrossCluster6-5": 2.8708134,
	"BBR": 7.0226474,
	"BBRinnerGroup0-0": 5.9966865,
	"BBRinnerGroup1-1": 8.383158,
	"BBRinnerGroup2-2": 6.6764855,
	"BBRinnerCluster1": 3.0147264,
	"BBRinnerCluster2": 6.270982,
	"BBRinnerCluster3": 3.2427564,
	"BBRinnerCluster4": 0.44865403,
	"BBRinnerCluster5": 1.4354067,
	"BBRinnerCluster6": 0.0,
	"BBRcrossGroup0-1": 9.687666,
	"BBRcrossGroup0-2": 5.0737906,
	"BBRcrossGroup1-0": 4.5230923,
	"BBRcrossGroup1-2": 2.2258413,
	"BBRcrossGroup2-0": 4.781842,
	"BBRcrossGroup2-1": 4.842012,
	"BBRcrossCluster1-2": 6.9205465,
	"BBRcrossCluster1-3": 7.4765863,
	"BBRcrossCluster1-4": 9.726867,
	"BBRcrossCluster1-5": 5.0102954,
	"BBRcrossCluster1-6": 3.8009052,
	"BBRcrossCluster2-1": 7.8736396,
	"BBRcrossCluster2-3": 18.965706,
	"BBRcrossCluster2-4": 2.0214353,
	"BBRcrossCluster2-5": 6.7307696,
	"BBRcrossCluster2-6": 4.7557282,
	"BBRcrossCluster3-1": 1.8660356,
	"BBRcrossCluster3-2": 9.257473,
	"BBRcrossCluster3-4": 10.740855,
	"BBRcrossCluster3-5": 3.708087,
	"BBRcrossCluster3-6": 0.6610009,
	"BBRcrossCluster4-1": 5.363921,
	"BBRcrossCluster4-2": 1.079525,
	"BBRcrossCluster4-3": 16.258904,
	"BBRcrossCluster4-5": 2.2506618,
	"BBRcrossCluster4-6": 2.8220859,
	"BBRcrossCluster5-1": 6.5195246,
	"BBRcrossCluster5-2": 5.100246,
	"BBRcrossCluster5-3": 7.7513866,
	"BBRcrossCluster5-4": 4.394977,
	"BBRcrossCluster5-6": 10.918776,
	"BBRcrossCluster6-1": 3.359056,
	"BBRcrossCluster6-2": 3.916084,
	"BBRcrossCluster6-3": 1.9032193,
	"BBRcrossCluster5-4": 4.0836654,
	"BBRcrossCluster6-5": 6.6420665,
	"LP": 96577,
	"TR": 1.0,
	"VH": 1.0,
	"PH": 3.563715998633215,
	"OXCAST": 0.03657151264269564,
	"Spec": 64.98333333333333,
	"Frag": 42.47033227688375,
	"PC": 1829220.1613091582,
	"TP": 1.766610736520105E11,
	"EE": 0.013184812985956241,
	"EEE": 0.012258890062130802,
	"BPSK": 100.0,
	"QPSK": 0.0,
	"8QAM": 0.0,
	"16QAM": 0.0,
	"32QAM": 0.0,
	"64QAM": 0.0,
	"MetCos":0.0,
	"MetPC":0.0,
	"LPGrooming": 0.0,
	"STP": 0.004367733518332091,
	"TSTP": 421.82259999995836,
	"STmax": 0.0,
	"TSTmax": 0.0,
	"JFI_BR": 0.20462091,
	"JFI_BBR": 0.2336577,
	"Time(ms)": 0.13822
}

