{
	"Load": 240.0,
	"TDR": 2518368159,
	"TDT": 2347245720,
	"BR": 3.445,
	"BRInnerGroup0-0": 3.4515648,
	"BRInnerGroup1-1": 4.3723555,
	"BRInnerGroup2-2": 3.021148,
	"BRInnerCluster1": 1.5486726,
	"BRInnerCluster2": 4.8573,
	"BRInnerCluster3": 1.1028316,
	"BRInnerCluster4": 1.5486726,
	"BRInnerCluster5": 4.8573,
	"BRInnerCluster6": 1.1028316,
	"BRCrossGroup0-1": 4.516129,
	"BRCrossGroup0-2": 2.2613611,
	"BRCrossGroup1-0": 2.071536,
	"BRCrossGroup1-2": 1.2714207,
	"BRCrossGroup2-0": 2.198975,
	"BRCrossGroup2-1": 2.425044,
	"BRCrossCluster1-2": 3.7651722,
	"BRCrossCluster1-3": 2.5706372,
	"BRCrossCluster1-4": 4.971475,
	"BRCrossCluster1-5": 2.0055325,
	"BRCrossCluster1-6": 2.688172,
	"BRCrossCluster2-1": 3.6991065,
	"BRCrossCluster2-3": 9.40605,
	"BRCrossCluster2-4": 0.8091059,
	"BRCrossCluster2-5": 3.431709,
	"BRCrossCluster2-6": 1.1617515,
	"BRCrossCluster3-1": 0.9148877,
	"BRCrossCluster3-2": 4.099869,
	"BRCrossCluster3-4": 5.7349834,
	"BRCrossCluster3-5": 2.193646,
	"BRCrossCluster3-6": 0.09578544,
	"BRCrossCluster4-1": 2.8830037,
	"BRCrossCluster4-2": 0.1700102,
	"BRCrossCluster4-3": 8.935532,
	"BRCrossCluster4-5": 1.3035382,
	"BRCrossCluster4-6": 1.3871374,
	"BRCrossCluster5-1": 1.3661202,
	"BRCrossCluster5-2": 4.306864,
	"BRCrossCluster5-3": 3.7564375,
	"BRCrossCluster5-4": 2.4082994,
	"BRCrossCluster5-6": 4.244032,
	"BRCrossCluster6-1": 1.3084111,
	"BRCrossCluster6-2": 2.5423727,
	"BRCrossCluster6-3": 0.50446254,
	"BRCrossCluster6-4": 2.7819176,
	"BRCrossCluster6-5": 3.508772,
	"BBR": 6.980203,
	"BBRinnerGroup0-0": 6.389328,
	"BBRinnerGroup1-1": 9.146621,
	"BBRinnerGroup2-2": 7.1317024,
	"BBRinnerCluster1": 3.2539465,
	"BBRinnerCluster2": 6.793703,
	"BBRinnerCluster3": 2.695537,
	"BBRinnerCluster4": 0.29534826,
	"BBRinnerCluster5": 1.0498688,
	"BBRinnerCluster6": 0.0,
	"BBRcrossGroup0-1": 8.959045,
	"BBRcrossGroup0-2": 4.8796153,
	"BBRcrossGroup1-0": 4.3766675,
	"BBRcrossGroup1-2": 3.1054208,
	"BBRcrossGroup2-0": 4.713983,
	"BBRcrossGroup2-1": 5.518258,
	"BBRcrossCluster1-2": 7.4451127,
	"BBRcrossCluster1-3": 5.2876267,
	"BBRcrossCluster1-4": 9.995983,
	"BBRcrossCluster1-5": 4.531411,
	"BBRcrossCluster1-6": 5.9230437,
	"BBRcrossCluster2-1": 7.690397,
	"BBRcrossCluster2-3": 18.163696,
	"BBRcrossCluster2-4": 2.030765,
	"BBRcrossCluster2-5": 6.8274455,
	"BBRcrossCluster2-6": 2.5446427,
	"BBRcrossCluster3-1": 2.0718231,
	"BBRcrossCluster3-2": 8.417019,
	"BBRcrossCluster3-4": 11.820547,
	"BBRcrossCluster3-5": 5.814843,
	"BBRcrossCluster3-6": 0.0962001,
	"BBRcrossCluster4-1": 6.475438,
	"BBRcrossCluster4-2": 0.4728931,
	"BBRcrossCluster4-3": 18.579649,
	"BBRcrossCluster4-5": 2.284148,
	"BBRcrossCluster4-6": 2.7929568,
	"BBRcrossCluster5-1": 3.3228402,
	"BBRcrossCluster5-2": 9.191296,
	"BBRcrossCluster5-3": 8.486307,
	"BBRcrossCluster5-4": 4.832849,
	"BBRcrossCluster5-6": 9.878214,
	"BBRcrossCluster6-1": 2.5489304,
	"BBRcrossCluster6-2": 5.1413884,
	"BBRcrossCluster6-3": 1.2614678,
	"BBRcrossCluster5-4": 6.367041,
	"BBRcrossCluster6-5": 8.226221,
	"LP": 96555,
	"TR": 1.0,
	"VH": 1.0,
	"PH": 3.56760395629434,
	"OXCAST": 0.03380997082524415,
	"Spec": 64.44166666666666,
	"Frag": 42.917184039725235,
	"PC": 1830780.4244754538,
	"TP": 1.7677303833857318E11,
	"EE": 0.013278301612400433,
	"EEE": 0.012351449184759044,
	"BPSK": 100.0,
	"QPSK": 0.0,
	"8QAM": 0.0,
	"16QAM": 0.0,
	"32QAM": 0.0,
	"64QAM": 0.0,
	"MetCos":0.0,
	"MetPC":0.0,
	"LPGrooming": 0.0,
	"STP": 0.004372476826678709,
	"TSTP": 422.1844999999627,
	"STmax": 0.0,
	"TSTmax": 0.0,
	"JFI_BR": 0.22585978,
	"JFI_BBR": 0.2517279,
	"Time(ms)": 0.13893
}

