{
	"Load": 180.0,
	"TDR": 2504070571,
	"TDT": 2454282233,
	"BR": 0.944,
	"BRInnerGroup0-0": 1.1969662,
	"BRInnerGroup1-1": 0.98170835,
	"BRInnerGroup2-2": 0.49115914,
	"BRInnerCluster1": 0.1365374,
	"BRInnerCluster2": 3.283984,
	"BRInnerCluster3": 0.23973629,
	"BRInnerCluster4": 0.1365374,
	"BRInnerCluster5": 3.283984,
	"BRInnerCluster6": 0.23973629,
	"BRCrossGroup0-1": 1.3912591,
	"BRCrossGroup0-2": 0.25778732,
	"BRCrossGroup1-0": 0.44473606,
	"BRCrossGroup1-2": 0.22026432,
	"BRCrossGroup2-0": 0.30755714,
	"BRCrossGroup2-1": 0.4856512,
	"BRCrossCluster1-2": 1.0042682,
	"BRCrossCluster1-3": 0.8624454,
	"BRCrossCluster1-4": 0.9734992,
	"BRCrossCluster1-5": 0.32509753,
	"BRCrossCluster1-6": 0.1858736,
	"BRCrossCluster2-1": 0.5244755,
	"BRCrossCluster2-3": 3.2651715,
	"BRCrossCluster2-4": 0.17569941,
	"BRCrossCluster2-5": 0.47554347,
	"BRCrossCluster2-6": 0.44603032,
	"BRCrossCluster3-1": 0.270636,
	"BRCrossCluster3-2": 0.9846827,
	"BRCrossCluster3-4": 0.89755493,
	"BRCrossCluster3-5": 0.29133287,
	"BRCrossCluster3-6": 0.0,
	"BRCrossCluster4-1": 0.38623595,
	"BRCrossCluster4-2": 0.034211427,
	"BRCrossCluster4-3": 2.4110909,
	"BRCrossCluster4-5": 0.28653297,
	"BRCrossCluster4-6": 0.49321824,
	"BRCrossCluster5-1": 0.13605443,
	"BRCrossCluster5-2": 0.6587615,
	"BRCrossCluster5-3": 1.0561255,
	"BRCrossCluster5-4": 0.7553957,
	"BRCrossCluster5-6": 1.0362694,
	"BRCrossCluster6-1": 0.0,
	"BRCrossCluster6-2": 0.6463527,
	"BRCrossCluster6-3": 0.040241446,
	"BRCrossCluster6-4": 0.3494758,
	"BRCrossCluster6-5": 0.22675738,
	"BBR": 1.9455582,
	"BBRinnerGroup0-0": 1.9032259,
	"BBRinnerGroup1-1": 2.2847102,
	"BBRinnerGroup2-2": 1.3909588,
	"BBRinnerCluster1": 0.35016838,
	"BBRinnerCluster2": 4.1181974,
	"BBRinnerCluster3": 0.62658507,
	"BBRinnerCluster4": 0.0,
	"BBRinnerCluster5": 0.6234414,
	"BBRinnerCluster6": 0.0,
	"BBRcrossGroup0-1": 2.9013538,
	"BBRcrossGroup0-2": 0.63529664,
	"BBRcrossGroup1-0": 1.0542829,
	"BBRcrossGroup1-2": 0.5328846,
	"BBRcrossGroup2-0": 0.7329262,
	"BBRcrossGroup2-1": 1.124979,
	"BBRcrossCluster1-2": 1.9774718,
	"BBRcrossCluster1-3": 1.8890265,
	"BBRcrossCluster1-4": 2.2574124,
	"BBRcrossCluster1-5": 0.7645747,
	"BBRcrossCluster1-6": 0.37807184,
	"BBRcrossCluster2-1": 1.25,
	"BBRcrossCluster2-3": 6.544818,
	"BBRcrossCluster2-4": 0.46620047,
	"BBRcrossCluster2-5": 1.118265,
	"BBRcrossCluster2-6": 1.1270049,
	"BBRcrossCluster3-1": 0.6742179,
	"BBRcrossCluster3-2": 2.4050286,
	"BBRcrossCluster3-4": 2.2361772,
	"BBRcrossCluster3-5": 0.75216246,
	"BBRcrossCluster3-6": 0.0,
	"BBRcrossCluster4-1": 0.7547833,
	"BBRcrossCluster4-2": 0.10335918,
	"BBRcrossCluster4-3": 5.4673185,
	"BBRcrossCluster4-5": 0.6947891,
	"BBRcrossCluster4-6": 1.1221945,
	"BBRcrossCluster5-1": 0.34211427,
	"BBRcrossCluster5-2": 1.4970059,
	"BBRcrossCluster5-3": 2.6173978,
	"BBRcrossCluster5-4": 1.3545243,
	"BBRcrossCluster5-6": 2.8097062,
	"BBRcrossCluster6-1": 0.0,
	"BBRcrossCluster6-2": 1.3986014,
	"BBRcrossCluster6-3": 0.12024049,
	"BBRcrossCluster5-4": 0.58524173,
	"BBRcrossCluster6-5": 0.6968641,
	"LP": 99056,
	"TR": 1.0,
	"VH": 1.0,
	"PH": 3.5810753513164273,
	"OXCAST": 0.08401502773558073,
	"Spec": 72.43333333333334,
	"Frag": 34.63310096528677,
	"PC": 1836192.2850935285,
	"TP": 1.8188595000958008E11,
	"EE": 0.013493522907463336,
	"EEE": 0.013230998567371002,
	"BPSK": 100.0,
	"QPSK": 0.0,
	"8QAM": 0.0,
	"16QAM": 0.0,
	"32QAM": 0.0,
	"64QAM": 0.0,
	"MetCos":0.0,
	"MetPC":0.0,
	"LPGrooming": 0.0,
	"STP": 0.004388911928605623,
	"TSTP": 434.74805999995857,
	"STmax": 0.0,
	"TSTmax": 0.0,
	"JFI_BR": 0.09401138,
	"JFI_BBR": 0.10028502,
	"Time(ms)": 0.13789
}

