{
	"Load": 120.0,
	"TDR": 2518368159,
	"TDT": 2511854122,
	"BR": 0.178,
	"BRInnerGroup0-0": 0.75111777,
	"BRInnerGroup1-1": 0.10785697,
	"BRInnerGroup2-2": 0.0,
	"BRInnerCluster1": 0.0,
	"BRInnerCluster2": 3.3754117,
	"BRInnerCluster3": 0.0,
	"BRInnerCluster4": 0.0,
	"BRInnerCluster5": 3.3754117,
	"BRInnerCluster6": 0.0,
	"BRCrossGroup0-1": 0.096336305,
	"BRCrossGroup0-2": 0.0,
	"BRCrossGroup1-0": 0.021503836,
	"BRCrossGroup1-2": 0.055279158,
	"BRCrossGroup2-0": 0.0,
	"BRCrossGroup2-1": 0.011022927,
	"BRCrossCluster1-2": 0.024770869,
	"BRCrossCluster1-3": 0.06648199,
	"BRCrossCluster1-4": 0.02716653,
	"BRCrossCluster1-5": 0.0691563,
	"BRCrossCluster1-6": 0.0,
	"BRCrossCluster2-1": 0.0,
	"BRCrossCluster2-3": 0.27599913,
	"BRCrossCluster2-4": 0.0,
	"BRCrossCluster2-5": 0.068634175,
	"BRCrossCluster2-6": 0.0,
	"BRCrossCluster3-1": 0.0,
	"BRCrossCluster3-2": 0.02628121,
	"BRCrossCluster3-4": 0.060368247,
	"BRCrossCluster3-5": 0.0,
	"BRCrossCluster3-6": 0.0,
	"BRCrossCluster4-1": 0.0,
	"BRCrossCluster4-2": 0.0,
	"BRCrossCluster4-3": 0.3298351,
	"BRCrossCluster4-5": 0.18621974,
	"BRCrossCluster4-6": 0.2522068,
	"BRCrossCluster5-1": 0.0,
	"BRCrossCluster5-2": 0.0,
	"BRCrossCluster5-3": 0.0,
	"BRCrossCluster5-4": 0.0,
	"BRCrossCluster5-6": 0.0,
	"BRCrossCluster6-1": 0.0,
	"BRCrossCluster6-2": 0.0,
	"BRCrossCluster6-3": 0.0,
	"BRCrossCluster6-4": 0.0496771,
	"BRCrossCluster6-5": 0.0,
	"BBR": 0.2700436,
	"BBRinnerGroup0-0": 0.81470644,
	"BBRinnerGroup1-1": 0.26264226,
	"BBRinnerGroup2-2": 0.0,
	"BBRinnerCluster1": 0.0,
	"BBRinnerCluster2": 3.5487435,
	"BBRinnerCluster3": 0.0,
	"BBRinnerCluster4": 0.0,
	"BBRinnerCluster5": 0.0,
	"BBRinnerCluster6": 0.0,
	"BBRcrossGroup0-1": 0.24878155,
	"BBRcrossGroup0-2": 0.0,
	"BBRcrossGroup1-0": 0.057682604,
	"BBRcrossGroup1-2": 0.16344321,
	"BBRcrossGroup2-0": 0.0,
	"BBRcrossGroup2-1": 0.032749303,
	"BBRcrossCluster1-2": 0.07359254,
	"BBRcrossCluster1-3": 0.14003249,
	"BBRcrossCluster1-4": 0.08034279,
	"BBRcrossCluster1-5": 0.13731548,
	"BBRcrossCluster1-6": 0.0,
	"BBRcrossCluster2-1": 0.0,
	"BBRcrossCluster2-3": 0.74205345,
	"BBRcrossCluster2-4": 0.0,
	"BBRcrossCluster2-5": 0.20380434,
	"BBRcrossCluster2-6": 0.0,
	"BBRcrossCluster3-1": 0.0,
	"BBRcrossCluster3-2": 0.07928119,
	"BBRcrossCluster3-4": 0.18373908,
	"BBRcrossCluster3-5": 0.0,
	"BBRcrossCluster3-6": 0.0,
	"BBRcrossCluster4-1": 0.0,
	"BBRcrossCluster4-2": 0.0,
	"BBRcrossCluster4-3": 0.77225924,
	"BBRcrossCluster4-5": 0.4568296,
	"BBRcrossCluster4-6": 0.72859746,
	"BBRcrossCluster5-1": 0.0,
	"BBRcrossCluster5-2": 0.0,
	"BBRcrossCluster5-3": 0.0,
	"BBRcrossCluster5-4": 0.0,
	"BBRcrossCluster5-6": 0.0,
	"BBRcrossCluster6-1": 0.0,
	"BBRcrossCluster6-2": 0.0,
	"BBRcrossCluster6-3": 0.0,
	"BBRcrossCluster5-4": 0.14981273,
	"BBRcrossCluster6-5": 0.0,
	"LP": 99822,
	"TR": 1.0,
	"VH": 1.0,
	"PH": 3.5889282923604013,
	"OXCAST": 0.6675037206406303,
	"Spec": 81.03333333333333,
	"Frag": 23.721634447727517,
	"PC": 1839343.6469762784,
	"TP": 1.8360882794866602E11,
	"EE": 0.013680464877768693,
	"EEE": 0.013643521656339152,
	"BPSK": 100.0,
	"QPSK": 0.0,
	"8QAM": 0.0,
	"16QAM": 0.0,
	"32QAM": 0.0,
	"64QAM": 0.0,
	"MetCos":0.0,
	"MetPC":0.0,
	"LPGrooming": 0.0,
	"STP": 0.004398492516679227,
	"TSTP": 439.0663199999538,
	"STmax": 0.0,
	"TSTmax": 0.0,
	"JFI_BR": 0.010794376,
	"JFI_BBR": 0.009772552,
	"Time(ms)": 0.18594
}

