{
	"Load": 150.0,
	"TDR": 2502554587,
	"TDT": 2485135547,
	"BR": 0.38300002,
	"BRInnerGroup0-0": 0.7691856,
	"BRInnerGroup1-1": 0.2773342,
	"BRInnerGroup2-2": 0.09861933,
	"BRInnerCluster1": 0.0,
	"BRInnerCluster2": 3.0673182,
	"BRInnerCluster3": 0.029708853,
	"BRInnerCluster4": 0.0,
	"BRInnerCluster5": 3.0673182,
	"BRInnerCluster6": 0.029708853,
	"BRCrossGroup0-1": 0.53285456,
	"BRCrossGroup0-2": 0.0650477,
	"BRCrossGroup1-0": 0.10980163,
	"BRCrossGroup1-2": 0.108459875,
	"BRCrossGroup2-0": 0.0437541,
	"BRCrossGroup2-1": 0.1111976,
	"BRCrossCluster1-2": 0.22376928,
	"BRCrossCluster1-3": 0.32372937,
	"BRCrossCluster1-4": 0.1654716,
	"BRCrossCluster1-5": 0.0671141,
	"BRCrossCluster1-6": 0.0,
	"BRCrossCluster2-1": 0.16855286,
	"BRCrossCluster2-3": 1.4323491,
	"BRCrossCluster2-4": 0.013557484,
	"BRCrossCluster2-5": 0.2050581,
	"BRCrossCluster2-6": 0.089365505,
	"BRCrossCluster3-1": 0.083217755,
	"BRCrossCluster3-2": 0.19178082,
	"BRCrossCluster3-4": 0.24517316,
	"BRCrossCluster3-5": 0.0,
	"BRCrossCluster3-6": 0.0,
	"BRCrossCluster4-1": 0.10121458,
	"BRCrossCluster4-2": 0.0,
	"BRCrossCluster4-3": 0.73800737,
	"BRCrossCluster4-5": 0.18083183,
	"BRCrossCluster4-6": 0.49566296,
	"BRCrossCluster5-1": 0.0,
	"BRCrossCluster5-2": 0.0,
	"BRCrossCluster5-3": 0.20319302,
	"BRCrossCluster5-4": 0.4187286,
	"BRCrossCluster5-6": 0.26737967,
	"BRCrossCluster6-1": 0.0,
	"BRCrossCluster6-2": 0.18348624,
	"BRCrossCluster6-3": 0.0,
	"BRCrossCluster6-4": 0.15197569,
	"BRCrossCluster6-5": 0.0,
	"BBR": 0.7320578,
	"BBRinnerGroup0-0": 0.9673984,
	"BBRinnerGroup1-1": 0.6911759,
	"BBRinnerGroup2-2": 0.2945508,
	"BBRinnerCluster1": 0.0,
	"BBRinnerCluster2": 3.397341,
	"BBRinnerCluster3": 0.09007657,
	"BBRinnerCluster4": 0.0,
	"BBRinnerCluster5": 0.0,
	"BBRinnerCluster6": 0.0,
	"BBRcrossGroup0-1": 1.1624044,
	"BBRcrossGroup0-2": 0.17235807,
	"BBRcrossGroup1-0": 0.26066524,
	"BBRcrossGroup1-2": 0.29858848,
	"BBRcrossGroup2-0": 0.088144556,
	"BBRcrossGroup2-1": 0.24348402,
	"BBRcrossCluster1-2": 0.45546558,
	"BBRcrossCluster1-3": 0.7822477,
	"BBRcrossCluster1-4": 0.3274805,
	"BBRcrossCluster1-5": 0.20590255,
	"BBRcrossCluster1-6": 0.0,
	"BBRcrossCluster2-1": 0.37094653,
	"BBRcrossCluster2-3": 3.0666082,
	"BBRcrossCluster2-4": 0.04070004,
	"BBRcrossCluster2-5": 0.37774727,
	"BBRcrossCluster2-6": 0.25940338,
	"BBRcrossCluster3-1": 0.16710766,
	"BBRcrossCluster3-2": 0.55104005,
	"BBRcrossCluster3-4": 0.6819591,
	"BBRcrossCluster3-5": 0.0,
	"BBRcrossCluster3-6": 0.0,
	"BBRcrossCluster4-1": 0.1815481,
	"BBRcrossCluster4-2": 0.0,
	"BBRcrossCluster4-3": 1.7497678,
	"BBRcrossCluster4-5": 0.35304502,
	"BBRcrossCluster4-6": 1.3496933,
	"BBRcrossCluster5-1": 0.0,
	"BBRcrossCluster5-2": 0.0,
	"BBRcrossCluster5-3": 0.48357272,
	"BBRcrossCluster5-4": 0.8942162,
	"BBRcrossCluster5-6": 0.7989348,
	"BBRcrossCluster6-1": 0.0,
	"BBRcrossCluster6-2": 0.37296036,
	"BBRcrossCluster6-3": 0.0,
	"BBRcrossCluster5-4": 0.24900399,
	"BBRcrossCluster6-5": 0.0,
	"LP": 99617,
	"TR": 1.0,
	"VH": 1.0,
	"PH": 3.585974281498138,
	"OXCAST": 0.19568462333149944,
	"Spec": 76.71666666666667,
	"Frag": 29.484341576685924,
	"PC": 1838156.3918709913,
	"TP": 1.831120628170739E11,
	"EE": 0.013571664852482228,
	"EEE": 0.013472312420005718,
	"BPSK": 100.0,
	"QPSK": 0.0,
	"8QAM": 0.0,
	"16QAM": 0.0,
	"32QAM": 0.0,
	"64QAM": 0.0,
	"MetCos":0.0,
	"MetPC":0.0,
	"LPGrooming": 0.0,
	"STP": 0.004394888623427223,
	"TSTP": 437.8056199999496,
	"STmax": 0.0,
	"TSTmax": 0.0,
	"JFI_BR": 0.046844237,
	"JFI_BBR": 0.044243343,
	"Time(ms)": 0.22548
}

