{
	"Load": 150.0,
	"TDR": 2518368159,
	"TDT": 2500419082,
	"BR": 0.4,
	"BRInnerGroup0-0": 0.8405365,
	"BRInnerGroup1-1": 0.44802123,
	"BRInnerGroup2-2": 0.0,
	"BRInnerCluster1": 0.0,
	"BRInnerCluster2": 3.4028542,
	"BRInnerCluster3": 0.02980626,
	"BRInnerCluster4": 0.0,
	"BRInnerCluster5": 3.4028542,
	"BRInnerCluster6": 0.02980626,
	"BRCrossGroup0-1": 0.4641658,
	"BRCrossGroup0-2": 0.08697543,
	"BRCrossGroup1-0": 0.1433589,
	"BRCrossGroup1-2": 0.110558316,
	"BRCrossGroup2-0": 0.06404782,
	"BRCrossGroup2-1": 0.16534391,
	"BRCrossCluster1-2": 0.17339608,
	"BRCrossCluster1-3": 0.25484765,
	"BRCrossCluster1-4": 0.24449879,
	"BRCrossCluster1-5": 0.1383126,
	"BRCrossCluster1-6": 0.17921147,
	"BRCrossCluster2-1": 0.17378351,
	"BRCrossCluster2-3": 1.2033561,
	"BRCrossCluster2-4": 0.041140977,
	"BRCrossCluster2-5": 0.13726835,
	"BRCrossCluster2-6": 0.0,
	"BRCrossCluster3-1": 0.11089548,
	"BRCrossCluster3-2": 0.23653089,
	"BRCrossCluster3-4": 0.33202535,
	"BRCrossCluster3-5": 0.15128593,
	"BRCrossCluster3-6": 0.0,
	"BRCrossCluster4-1": 0.20113978,
	"BRCrossCluster4-2": 0.0,
	"BRCrossCluster4-3": 1.2593703,
	"BRCrossCluster4-5": 0.09310987,
	"BRCrossCluster4-6": 0.2522068,
	"BRCrossCluster5-1": 0.13661201,
	"BRCrossCluster5-2": 0.06729475,
	"BRCrossCluster5-3": 0.15146926,
	"BRCrossCluster5-4": 0.22230455,
	"BRCrossCluster5-6": 0.0,
	"BRCrossCluster6-1": 0.0,
	"BRCrossCluster6-2": 0.084745765,
	"BRCrossCluster6-3": 0.0,
	"BRCrossCluster6-4": 0.496771,
	"BRCrossCluster6-5": 0.0,
	"BBR": 0.797652,
	"BBRinnerGroup0-0": 0.99674714,
	"BBRinnerGroup1-1": 1.1756368,
	"BBRinnerGroup2-2": 0.0,
	"BBRinnerCluster1": 0.0,
	"BBRinnerCluster2": 3.5487435,
	"BBRinnerCluster3": 0.088378266,
	"BBRinnerCluster4": 0.0,
	"BBRinnerCluster5": 0.0,
	"BBRinnerCluster6": 0.0,
	"BBRcrossGroup0-1": 1.0911471,
	"BBRcrossGroup0-2": 0.19261637,
	"BBRcrossGroup1-0": 0.3677266,
	"BBRcrossGroup1-2": 0.2451648,
	"BBRcrossGroup2-0": 0.14830509,
	"BBRcrossGroup2-1": 0.4366574,
	"BBRcrossCluster1-2": 0.36796272,
	"BBRcrossCluster1-3": 0.5713326,
	"BBRcrossCluster1-4": 0.61596143,
	"BBRcrossCluster1-5": 0.34328872,
	"BBRcrossCluster1-6": 0.25940338,
	"BBRcrossCluster2-1": 0.44726053,
	"BBRcrossCluster2-3": 2.846384,
	"BBRcrossCluster2-4": 0.080960736,
	"BBRcrossCluster2-5": 0.4076087,
	"BBRcrossCluster2-6": 0.0,
	"BBRcrossCluster3-1": 0.2762431,
	"BBRcrossCluster3-2": 0.6342495,
	"BBRcrossCluster3-4": 0.91869545,
	"BBRcrossCluster3-5": 0.45906654,
	"BBRcrossCluster3-6": 0.0,
	"BBRcrossCluster4-1": 0.48093438,
	"BBRcrossCluster4-2": 0.0,
	"BBRcrossCluster4-3": 3.2707448,
	"BBRcrossCluster4-5": 0.27409777,
	"BBRcrossCluster4-6": 0.36429873,
	"BBRcrossCluster5-1": 0.34977266,
	"BBRcrossCluster5-2": 0.032478075,
	"BBRcrossCluster5-3": 0.45139933,
	"BBRcrossCluster5-4": 0.54505813,
	"BBRcrossCluster5-6": 0.0,
	"BBRcrossCluster6-1": 0.0,
	"BBRcrossCluster6-2": 0.17137961,
	"BBRcrossCluster6-3": 0.0,
	"BBRcrossCluster5-4": 1.2484396,
	"BBRcrossCluster6-5": 0.0,
	"LP": 99600,
	"TR": 1.0,
	"VH": 1.0,
	"PH": 3.589508032128514,
	"OXCAST": 0.2388348433976829,
	"Spec": 76.39166666666667,
	"Frag": 29.880284305113886,
	"PC": 1839574.4793368212,
	"TP": 1.832235774686206E11,
	"EE": 0.013646819457109601,
	"EEE": 0.013537965327934394,
	"BPSK": 100.0,
	"QPSK": 0.0,
	"8QAM": 0.0,
	"16QAM": 0.0,
	"32QAM": 0.0,
	"64QAM": 0.0,
	"MetCos":0.0,
	"MetPC":0.0,
	"LPGrooming": 0.0,
	"STP": 0.004399199799196331,
	"TSTP": 438.16029999995453,
	"STmax": 0.0,
	"TSTmax": 0.0,
	"JFI_BR": 0.050113857,
	"JFI_BBR": 0.050428867,
	"Time(ms)": 0.3007
}

