{
	"Load": 240.0,
	"TDR": 2498972186,
	"TDT": 2321962767,
	"BR": 3.579,
	"BRInnerGroup0-0": 3.3453941,
	"BRInnerGroup1-1": 4.2173223,
	"BRInnerGroup2-2": 2.8836253,
	"BRInnerCluster1": 1.6680566,
	"BRInnerCluster2": 4.1507373,
	"BRInnerCluster3": 0.98219764,
	"BRInnerCluster4": 1.6680566,
	"BRInnerCluster5": 4.1507373,
	"BRInnerCluster6": 0.98219764,
	"BRCrossGroup0-1": 5.046284,
	"BRCrossGroup0-2": 2.058319,
	"BRCrossGroup1-0": 1.9695872,
	"BRCrossGroup1-2": 0.92075896,
	"BRCrossGroup2-0": 2.1668472,
	"BRCrossGroup2-1": 2.6786695,
	"BRCrossCluster1-2": 3.6660888,
	"BRCrossCluster1-3": 3.3816962,
	"BRCrossCluster1-4": 4.9245,
	"BRCrossCluster1-5": 1.7333332,
	"BRCrossCluster1-6": 2.695652,
	"BRCrossCluster2-1": 3.7317076,
	"BRCrossCluster2-3": 10.219696,
	"BRCrossCluster2-4": 0.96826255,
	"BRCrossCluster2-5": 3.443526,
	"BRCrossCluster2-6": 1.4177694,
	"BRCrossCluster3-1": 0.9846827,
	"BRCrossCluster3-2": 4.3536687,
	"BRCrossCluster3-4": 5.4111247,
	"BRCrossCluster3-5": 1.9201229,
	"BRCrossCluster3-6": 0.101833,
	"BRCrossCluster4-1": 2.0580297,
	"BRCrossCluster4-2": 0.20971689,
	"BRCrossCluster4-3": 8.449451,
	"BRCrossCluster4-5": 0.9182736,
	"BRCrossCluster4-6": 0.48840052,
	"BRCrossCluster5-1": 1.8920813,
	"BRCrossCluster5-2": 3.314917,
	"BRCrossCluster5-3": 4.171529,
	"BRCrossCluster5-4": 3.1227305,
	"BRCrossCluster5-6": 4.1362534,
	"BRCrossCluster6-1": 1.7889088,
	"BRCrossCluster6-2": 2.2355976,
	"BRCrossCluster6-3": 0.92951196,
	"BRCrossCluster6-4": 3.0366492,
	"BRCrossCluster6-5": 2.7707808,
	"BBR": 7.196706,
	"BBRinnerGroup0-0": 6.1771355,
	"BBRinnerGroup1-1": 8.695289,
	"BBRinnerGroup2-2": 5.758638,
	"BBRinnerCluster1": 3.2546003,
	"BBRinnerCluster2": 5.9347587,
	"BBRinnerCluster3": 2.518586,
	"BBRinnerCluster4": 0.92728156,
	"BBRinnerCluster5": 1.860465,
	"BBRinnerCluster6": 0.0,
	"BBRcrossGroup0-1": 9.871639,
	"BBRcrossGroup0-2": 4.4331236,
	"BBRcrossGroup1-0": 4.4933987,
	"BBRcrossGroup1-2": 2.1172183,
	"BBRcrossGroup2-0": 4.548868,
	"BBRcrossGroup2-1": 5.9808216,
	"BBRcrossCluster1-2": 7.359523,
	"BBRcrossCluster1-3": 7.2420135,
	"BBRcrossCluster1-4": 10.000688,
	"BBRcrossCluster1-5": 3.777403,
	"BBRcrossCluster1-6": 5.478842,
	"BBRcrossCluster2-1": 7.588409,
	"BBRcrossCluster2-3": 18.809002,
	"BBRcrossCluster2-4": 2.4316518,
	"BBRcrossCluster2-5": 7.1969695,
	"BBRcrossCluster2-6": 3.4799418,
	"BBRcrossCluster3-1": 2.5658903,
	"BBRcrossCluster3-2": 9.606987,
	"BBRcrossCluster3-4": 11.480916,
	"BBRcrossCluster3-5": 4.472342,
	"BBRcrossCluster3-6": 0.19753087,
	"BBRcrossCluster4-1": 4.4558697,
	"BBRcrossCluster4-2": 0.49400145,
	"BBRcrossCluster4-3": 16.849377,
	"BBRcrossCluster4-5": 2.3137438,
	"BBRcrossCluster4-6": 1.0732323,
	"BBRcrossCluster5-1": 4.4931703,
	"BBRcrossCluster5-2": 6.3186817,
	"BBRcrossCluster5-3": 9.412114,
	"BBRcrossCluster5-4": 6.164757,
	"BBRcrossCluster5-6": 8.568075,
	"BBRcrossCluster6-1": 3.6144576,
	"BBRcrossCluster6-2": 4.526404,
	"BBRcrossCluster6-3": 2.226956,
	"BBRcrossCluster5-4": 6.152214,
	"BBRcrossCluster6-5": 5.3984575,
	"LP": 96421,
	"TR": 1.0,
	"VH": 1.0,
	"PH": 3.5792514078883233,
	"OXCAST": 0.024763414428963047,
	"Spec": 64.79166666666667,
	"Frag": 42.63528193468448,
	"PC": 1835446.839976682,
	"TP": 1.7697688550328412E11,
	"EE": 0.013120147076816491,
	"EEE": 0.012175928688785956,
	"BPSK": 100.0,
	"QPSK": 0.0,
	"8QAM": 0.0,
	"16QAM": 0.0,
	"32QAM": 0.0,
	"64QAM": 0.0,
	"MetCos":0.0,
	"MetPC":0.0,
	"LPGrooming": 0.0,
	"STP": 0.004386686717623339,
	"TSTP": 422.96871999995994,
	"STmax": 0.0,
	"TSTmax": 0.0,
	"JFI_BR": 0.20773193,
	"JFI_BBR": 0.23144406,
	"Time(ms)": 0.30992
}

