{
	"Load": 150.0,
	"TDR": 2504070571,
	"TDT": 2485466084,
	"BR": 0.36200002,
	"BRInnerGroup0-0": 0.794027,
	"BRInnerGroup1-1": 0.3104548,
	"BRInnerGroup2-2": 0.09823183,
	"BRInnerCluster1": 0.05461496,
	"BRInnerCluster2": 3.1493943,
	"BRInnerCluster3": 0.119868144,
	"BRInnerCluster4": 0.05461496,
	"BRInnerCluster5": 3.1493943,
	"BRInnerCluster6": 0.119868144,
	"BRCrossGroup0-1": 0.4454343,
	"BRCrossGroup0-2": 0.12889366,
	"BRCrossGroup1-0": 0.123942845,
	"BRCrossGroup1-2": 0.08259912,
	"BRCrossGroup2-0": 0.065905094,
	"BRCrossGroup2-1": 0.07726269,
	"BRCrossCluster1-2": 0.12553352,
	"BRCrossCluster1-3": 0.37117904,
	"BRCrossCluster1-4": 0.21633315,
	"BRCrossCluster1-5": 0.0650195,
	"BRCrossCluster1-6": 0.0929368,
	"BRCrossCluster2-1": 0.1998002,
	"BRCrossCluster2-3": 1.0664028,
	"BRCrossCluster2-4": 0.01351534,
	"BRCrossCluster2-5": 0.06793478,
	"BRCrossCluster2-6": 0.35682425,
	"BRCrossCluster3-1": 0.1623816,
	"BRCrossCluster3-2": 0.16411379,
	"BRCrossCluster3-4": 0.061900344,
	"BRCrossCluster3-5": 0.0,
	"BRCrossCluster3-6": 0.0,
	"BRCrossCluster4-1": 0.105337076,
	"BRCrossCluster4-2": 0.0,
	"BRCrossCluster4-3": 0.9342978,
	"BRCrossCluster4-5": 0.28653297,
	"BRCrossCluster4-6": 0.24660912,
	"BRCrossCluster5-1": 0.0,
	"BRCrossCluster5-2": 0.19762847,
	"BRCrossCluster5-3": 0.090525046,
	"BRCrossCluster5-4": 0.21582735,
	"BRCrossCluster5-6": 0.0,
	"BRCrossCluster6-1": 0.0,
	"BRCrossCluster6-2": 0.0923361,
	"BRCrossCluster6-3": 0.0,
	"BRCrossCluster6-4": 0.19970044,
	"BRCrossCluster6-5": 0.22675738,
	"BBR": 0.71318847,
	"BBRinnerGroup0-0": 1.0762464,
	"BBRinnerGroup1-1": 0.7741234,
	"BBRinnerGroup2-2": 0.2980626,
	"BBRinnerCluster1": 0.16161616,
	"BBRinnerCluster2": 3.7705574,
	"BBRinnerCluster3": 0.35804862,
	"BBRinnerCluster4": 0.0,
	"BBRinnerCluster5": 0.0,
	"BBRinnerCluster6": 0.0,
	"BBRcrossGroup0-1": 0.98860955,
	"BBRcrossGroup0-2": 0.34456766,
	"BBRcrossGroup1-0": 0.3283234,
	"BBRcrossGroup1-2": 0.16827933,
	"BBRcrossGroup2-0": 0.17767908,
	"BBRcrossGroup2-1": 0.17910112,
	"BBRcrossCluster1-2": 0.32540676,
	"BBRcrossCluster1-3": 0.88262206,
	"BBRcrossCluster1-4": 0.4716981,
	"BBRcrossCluster1-5": 0.12742911,
	"BBRcrossCluster1-6": 0.18903592,
	"BBRcrossCluster2-1": 0.4579208,
	"BBRcrossCluster2-3": 2.331181,
	"BBRcrossCluster2-4": 0.026640026,
	"BBRcrossCluster2-5": 0.20332092,
	"BBRcrossCluster2-6": 0.9536195,
	"BBRcrossCluster3-1": 0.45846817,
	"BBRcrossCluster3-2": 0.40994808,
	"BBRcrossCluster3-4": 0.15316282,
	"BBRcrossCluster3-5": 0.0,
	"BBRcrossCluster3-6": 0.0,
	"BBRcrossCluster4-1": 0.24574338,
	"BBRcrossCluster4-2": 0.0,
	"BBRcrossCluster4-3": 2.3060477,
	"BBRcrossCluster4-5": 0.7940447,
	"BBRcrossCluster4-6": 0.49875313,
	"BBRcrossCluster5-1": 0.0,
	"BBRcrossCluster5-2": 0.59880245,
	"BBRcrossCluster5-3": 0.24634331,
	"BBRcrossCluster5-4": 0.46956837,
	"BBRcrossCluster5-6": 0.0,
	"BBRcrossCluster6-1": 0.0,
	"BBRcrossCluster6-2": 0.18648018,
	"BBRcrossCluster6-3": 0.0,
	"BBRcrossCluster5-4": 0.4071247,
	"BBRcrossCluster6-5": 0.6968641,
	"LP": 99638,
	"TR": 1.0,
	"VH": 1.0,
	"PH": 3.583662859551577,
	"OXCAST": 0.20842691589241033,
	"Spec": 76.75833333333334,
	"Frag": 29.468776256702427,
	"PC": 1837232.3884160665,
	"TP": 1.8305818066768115E11,
	"EE": 0.013577465235012073,
	"EEE": 0.013480632318517823,
	"BPSK": 100.0,
	"QPSK": 0.0,
	"8QAM": 0.0,
	"16QAM": 0.0,
	"32QAM": 0.0,
	"64QAM": 0.0,
	"MetCos":0.0,
	"MetPC":0.0,
	"LPGrooming": 0.0,
	"STP": 0.004392068688652491,
	"TSTP": 437.61693999995686,
	"STmax": 0.0,
	"TSTmax": 0.0,
	"JFI_BR": 0.046435267,
	"JFI_BBR": 0.046571437,
	"Time(ms)": 0.13573
}

