{
	"Load": 210.0,
	"TDR": 2504070571,
	"TDT": 2398116938,
	"BR": 1.9829999,
	"BRInnerGroup0-0": 2.1450582,
	"BRInnerGroup1-1": 2.357778,
	"BRInnerGroup2-2": 1.9646366,
	"BRInnerCluster1": 0.4642272,
	"BRInnerCluster2": 3.7146702,
	"BRInnerCluster3": 0.56937367,
	"BRInnerCluster4": 0.4642272,
	"BRInnerCluster5": 3.7146702,
	"BRInnerCluster6": 0.56937367,
	"BRCrossGroup0-1": 2.8548288,
	"BRCrossGroup0-2": 1.2244898,
	"BRCrossGroup1-0": 0.984252,
	"BRCrossGroup1-2": 0.4129956,
	"BRCrossGroup2-0": 0.8567663,
	"BRCrossGroup2-1": 0.9602649,
	"BRCrossCluster1-2": 2.2847102,
	"BRCrossCluster1-3": 1.9541485,
	"BRCrossCluster1-4": 2.5419145,
	"BRCrossCluster1-5": 1.4304291,
	"BRCrossCluster1-6": 0.7434944,
	"BRCrossCluster2-1": 1.973027,
	"BRCrossCluster2-3": 6.0686016,
	"BRCrossCluster2-4": 0.3919449,
	"BRCrossCluster2-5": 2.3097825,
	"BRCrossCluster2-6": 1.2488849,
	"BRCrossCluster3-1": 0.4871448,
	"BRCrossCluster3-2": 1.8873086,
	"BRCrossCluster3-4": 2.7855153,
	"BRCrossCluster3-5": 0.43699926,
	"BRCrossCluster3-6": 0.0,
	"BRCrossCluster4-1": 1.3342696,
	"BRCrossCluster4-2": 0.10263429,
	"BRCrossCluster4-3": 5.153707,
	"BRCrossCluster4-5": 0.8595988,
	"BRCrossCluster4-6": 0.863132,
	"BRCrossCluster5-1": 0.952381,
	"BRCrossCluster5-2": 1.5810277,
	"BRCrossCluster5-3": 1.840676,
	"BRCrossCluster5-4": 1.5107914,
	"BRCrossCluster5-6": 3.626943,
	"BRCrossCluster6-1": 0.1934236,
	"BRCrossCluster6-2": 1.1080332,
	"BRCrossCluster6-3": 0.20120724,
	"BRCrossCluster6-4": 0.8986521,
	"BRCrossCluster6-5": 1.3605442,
	"BBR": 4.1918526,
	"BBRinnerGroup0-0": 3.9530795,
	"BBRinnerGroup1-1": 5.3226213,
	"BBRinnerGroup2-2": 4.8683558,
	"BBRinnerCluster1": 1.0235691,
	"BBRinnerCluster2": 5.1611176,
	"BBRinnerCluster3": 1.4620318,
	"BBRinnerCluster4": 0.1457018,
	"BBRinnerCluster5": 1.7456359,
	"BBRinnerCluster6": 0.0,
	"BBRcrossGroup0-1": 5.9259257,
	"BBRcrossGroup0-2": 2.8319154,
	"BBRcrossGroup1-0": 2.3639283,
	"BBRcrossGroup1-2": 0.8694433,
	"BBRcrossGroup2-0": 2.0099945,
	"BBRcrossGroup2-1": 2.2219734,
	"BBRcrossCluster1-2": 4.831039,
	"BBRcrossCluster1-3": 4.2301273,
	"BBRcrossCluster1-4": 5.815364,
	"BBRcrossCluster1-5": 3.090156,
	"BBRcrossCluster1-6": 1.5122874,
	"BBRcrossCluster2-1": 4.591584,
	"BBRcrossCluster2-3": 12.011601,
	"BBRcrossCluster2-4": 0.9723609,
	"BBRcrossCluster2-5": 4.47306,
	"BBRcrossCluster2-6": 2.8608582,
	"BBRcrossCluster3-1": 1.240561,
	"BBRcrossCluster3-2": 4.5914183,
	"BBRcrossCluster3-4": 6.6625824,
	"BBRcrossCluster3-5": 1.1282437,
	"BBRcrossCluster3-6": 0.0,
	"BBRcrossCluster4-1": 3.0366862,
	"BBRcrossCluster4-2": 0.27562448,
	"BBRcrossCluster4-3": 11.194258,
	"BBRcrossCluster4-5": 2.0347395,
	"BBRcrossCluster4-6": 1.3715711,
	"BBRcrossCluster5-1": 2.1895313,
	"BBRcrossCluster5-2": 3.5262809,
	"BBRcrossCluster5-3": 4.3110085,
	"BBRcrossCluster5-4": 2.79935,
	"BBRcrossCluster5-6": 8.939975,
	"BBRcrossCluster6-1": 0.49652433,
	"BBRcrossCluster6-2": 2.4242423,
	"BBRcrossCluster6-3": 0.5210421,
	"BBRcrossCluster5-4": 2.086514,
	"BBRcrossCluster6-5": 3.2520323,
	"LP": 98017,
	"TR": 1.0,
	"VH": 1.0,
	"PH": 3.5738188273462765,
	"OXCAST": 0.03797407391931568,
	"Spec": 68.50833333333334,
	"Frag": 38.91743458839147,
	"PC": 1833278.2210865782,
	"TP": 1.7969256547366284E11,
	"EE": 0.013345665869250928,
	"EEE": 0.01278623523158316,
	"BPSK": 100.0,
	"QPSK": 0.0,
	"8QAM": 0.0,
	"16QAM": 0.0,
	"32QAM": 0.0,
	"64QAM": 0.0,
	"MetCos":0.0,
	"MetPC":0.0,
	"LPGrooming": 0.0,
	"STP": 0.004380058969362065,
	"TSTP": 429.32023999996153,
	"STmax": 0.0,
	"TSTmax": 0.0,
	"JFI_BR": 0.16871965,
	"JFI_BBR": 0.18743452,
	"Time(ms)": 0.19946
}

