{
	"Load": 150.0,
	"TDR": 2517270854,
	"TDT": 2498432031,
	"BR": 0.385,
	"BRInnerGroup0-0": 0.8732057,
	"BRInnerGroup1-1": 0.31619236,
	"BRInnerGroup2-2": 0.0,
	"BRInnerCluster1": 0.054451406,
	"BRInnerCluster2": 3.2777927,
	"BRInnerCluster3": 0.14649868,
	"BRInnerCluster4": 0.054451406,
	"BRInnerCluster5": 3.2777927,
	"BRInnerCluster6": 0.14649868,
	"BRCrossGroup0-1": 0.49114493,
	"BRCrossGroup0-2": 0.06525995,
	"BRCrossGroup1-0": 0.12317948,
	"BRCrossGroup1-2": 0.08377548,
	"BRCrossGroup2-0": 0.0,
	"BRCrossGroup2-1": 0.08948546,
	"BRCrossCluster1-2": 0.15243901,
	"BRCrossCluster1-3": 0.41187945,
	"BRCrossCluster1-4": 0.15265056,
	"BRCrossCluster1-5": 0.06872852,
	"BRCrossCluster1-6": 0.09182736,
	"BRCrossCluster2-1": 0.27127004,
	"BRCrossCluster2-3": 1.2646018,
	"BRCrossCluster2-4": 0.0,
	"BRCrossCluster2-5": 0.34199727,
	"BRCrossCluster2-6": 0.089605734,
	"BRCrossCluster3-1": 0.08212428,
	"BRCrossCluster3-2": 0.16371079,
	"BRCrossCluster3-4": 0.12022844,
	"BRCrossCluster3-5": 0.08064516,
	"BRCrossCluster3-6": 0.0,
	"BRCrossCluster4-1": 0.20202021,
	"BRCrossCluster4-2": 0.0,
	"BRCrossCluster4-3": 0.86748433,
	"BRCrossCluster4-5": 0.1843318,
	"BRCrossCluster4-6": 0.24449879,
	"BRCrossCluster5-1": 0.0,
	"BRCrossCluster5-2": 0.14144272,
	"BRCrossCluster5-3": 0.21084337,
	"BRCrossCluster5-4": 0.11337869,
	"BRCrossCluster5-6": 0.0,
	"BRCrossCluster6-1": 0.0,
	"BRCrossCluster6-2": 0.0,
	"BRCrossCluster6-3": 0.0,
	"BRCrossCluster6-4": 0.050942436,
	"BRCrossCluster6-5": 0.0,
	"BBR": 0.7611822,
	"BBRinnerGroup0-0": 1.2030209,
	"BBRinnerGroup1-1": 0.82475084,
	"BBRinnerGroup2-2": 0.0,
	"BBRinnerCluster1": 0.1345895,
	"BBRinnerCluster2": 3.8075879,
	"BBRinnerCluster3": 0.43738154,
	"BBRinnerCluster4": 0.0,
	"BBRinnerCluster5": 0.0,
	"BBRinnerCluster6": 0.0,
	"BBRcrossGroup0-1": 1.1013311,
	"BBRcrossGroup0-2": 0.17478697,
	"BBRcrossGroup1-0": 0.3118236,
	"BBRcrossGroup1-2": 0.1935038,
	"BBRcrossGroup2-0": 0.0,
	"BBRcrossGroup2-1": 0.23563735,
	"BBRcrossCluster1-2": 0.30824557,
	"BBRcrossCluster1-3": 0.9495904,
	"BBRcrossCluster1-4": 0.37031955,
	"BBRcrossCluster1-5": 0.21344717,
	"BBRcrossCluster1-6": 0.26954177,
	"BBRcrossCluster2-1": 0.6881298,
	"BBRcrossCluster2-3": 2.8135738,
	"BBRcrossCluster2-4": 0.0,
	"BBRcrossCluster2-5": 0.7638889,
	"BBRcrossCluster2-6": 0.17652251,
	"BBRcrossCluster3-1": 0.22437245,
	"BBRcrossCluster3-2": 0.4740658,
	"BBRcrossCluster3-4": 0.3055301,
	"BBRcrossCluster3-5": 0.2458009,
	"BBRcrossCluster3-6": 0.0,
	"BBRcrossCluster4-1": 0.3835251,
	"BBRcrossCluster4-2": 0.0,
	"BBRcrossCluster4-3": 2.1806855,
	"BBRcrossCluster4-5": 0.56497175,
	"BBRcrossCluster4-6": 0.47675803,
	"BBRcrossCluster5-1": 0.0,
	"BBRcrossCluster5-2": 0.34258306,
	"BBRcrossCluster5-3": 0.5438067,
	"BBRcrossCluster5-4": 0.1695554,
	"BBRcrossCluster5-6": 0.0,
	"BBRcrossCluster6-1": 0.0,
	"BBRcrossCluster6-2": 0.0,
	"BBRcrossCluster6-3": 0.0,
	"BBRcrossCluster5-4": 0.15396458,
	"BBRcrossCluster6-5": 0.0,
	"LP": 99615,
	"TR": 1.0,
	"VH": 1.0,
	"PH": 3.5822014756813734,
	"OXCAST": 0.25994711346574784,
	"Spec": 76.70833333333333,
	"Frag": 29.477421800205256,
	"PC": 1836643.959393701,
	"TP": 1.8295896731784628E11,
	"EE": 0.01365569596083032,
	"EEE": 0.013551751235394163,
	"BPSK": 100.0,
	"QPSK": 0.0,
	"8QAM": 0.0,
	"16QAM": 0.0,
	"32QAM": 0.0,
	"64QAM": 0.0,
	"MetCos":0.0,
	"MetPC":0.0,
	"LPGrooming": 0.0,
	"STP": 0.004390285800330817,
	"TSTP": 437.3383199999543,
	"STmax": 0.0,
	"TSTmax": 0.0,
	"JFI_BR": 0.033874735,
	"JFI_BBR": 0.03429801,
	"Time(ms)": 0.13417
}

