{
	"Load": 240.0,
	"TDR": 2517270854,
	"TDT": 2347587105,
	"BR": 3.326,
	"BRInnerGroup0-0": 3.4509568,
	"BRInnerGroup1-1": 3.9024796,
	"BRInnerGroup2-2": 2.4108005,
	"BRInnerCluster1": 1.4429622,
	"BRInnerCluster2": 4.4250207,
	"BRInnerCluster3": 1.0840902,
	"BRInnerCluster4": 1.4429622,
	"BRInnerCluster5": 4.4250207,
	"BRInnerCluster6": 1.0840902,
	"BRCrossGroup0-1": 4.5878716,
	"BRCrossGroup0-2": 2.066565,
	"BRCrossGroup1-0": 1.8476923,
	"BRCrossGroup1-2": 0.92153025,
	"BRCrossGroup2-0": 1.6833581,
	"BRCrossGroup2-1": 2.2930648,
	"BRCrossCluster1-2": 3.8109758,
	"BRCrossCluster1-3": 3.1866465,
	"BRCrossCluster1-4": 4.14932,
	"BRCrossCluster1-5": 1.1683849,
	"BRCrossCluster1-6": 2.571166,
	"BRCrossCluster2-1": 4.241677,
	"BRCrossCluster2-3": 9.559533,
	"BRCrossCluster2-4": 0.760353,
	"BRCrossCluster2-5": 3.2831736,
	"BRCrossCluster2-6": 2.1505377,
	"BRCrossCluster3-1": 0.793868,
	"BRCrossCluster3-2": 3.6289222,
	"BRCrossCluster3-4": 4.2981668,
	"BRCrossCluster3-5": 1.9354839,
	"BRCrossCluster3-6": 0.2997003,
	"BRCrossCluster4-1": 2.4242423,
	"BRCrossCluster4-2": 0.44067794,
	"BRCrossCluster4-3": 8.405623,
	"BRCrossCluster4-5": 0.82949305,
	"BRCrossCluster4-6": 0.61124694,
	"BRCrossCluster5-1": 1.5374331,
	"BRCrossCluster5-2": 3.2531824,
	"BRCrossCluster5-3": 3.9759035,
	"BRCrossCluster5-4": 2.4565382,
	"BRCrossCluster5-6": 3.2828283,
	"BRCrossCluster6-1": 1.0840108,
	"BRCrossCluster6-2": 1.2017167,
	"BRCrossCluster6-3": 0.76121795,
	"BRCrossCluster6-4": 1.8339276,
	"BRCrossCluster6-5": 3.084833,
	"BBR": 6.7403965,
	"BBRinnerGroup0-0": 6.2509327,
	"BBRinnerGroup1-1": 8.398225,
	"BBRinnerGroup2-2": 5.040807,
	"BBRinnerCluster1": 3.216689,
	"BBRinnerCluster2": 6.463414,
	"BBRinnerCluster3": 2.7992418,
	"BBRinnerCluster4": 1.2834225,
	"BBRinnerCluster5": 1.2391573,
	"BBRinnerCluster6": 0.0,
	"BBRcrossGroup0-1": 9.117056,
	"BBRcrossGroup0-2": 4.653703,
	"BBRcrossGroup1-0": 4.1270776,
	"BBRcrossGroup1-2": 2.1838286,
	"BBRcrossGroup2-0": 3.5422635,
	"BBRcrossGroup2-1": 5.0213194,
	"BBRcrossCluster1-2": 7.295145,
	"BBRcrossCluster1-3": 6.804493,
	"BBRcrossCluster1-4": 8.654505,
	"BBRcrossCluster1-5": 2.5969408,
	"BBRcrossCluster1-6": 5.1662173,
	"BBRcrossCluster2-1": 8.343574,
	"BBRcrossCluster2-3": 17.896263,
	"BBRcrossCluster2-4": 1.8442059,
	"BBRcrossCluster2-5": 7.3263893,
	"BBRcrossCluster2-6": 4.6778464,
	"BBRcrossCluster3-1": 1.9352124,
	"BBRcrossCluster3-2": 8.15672,
	"BBRcrossCluster3-4": 9.227009,
	"BBRcrossCluster3-5": 4.752151,
	"BBRcrossCluster3-6": 0.7740687,
	"BBRcrossCluster4-1": 4.9691515,
	"BBRcrossCluster4-2": 1.1556764,
	"BBRcrossCluster4-3": 17.237799,
	"BBRcrossCluster4-5": 1.977401,
	"BBRcrossCluster4-6": 1.1918951,
	"BBRcrossCluster5-1": 3.150912,
	"BBRcrossCluster5-2": 5.9266872,
	"BBRcrossCluster5-3": 8.444109,
	"BBRcrossCluster5-4": 5.180859,
	"BBRcrossCluster5-6": 6.937173,
	"BBRcrossCluster6-1": 2.4955437,
	"BBRcrossCluster6-2": 2.2677715,
	"BBRcrossCluster6-3": 2.0713005,
	"BBRcrossCluster5-4": 3.797793,
	"BBRcrossCluster6-5": 6.8331146,
	"LP": 96674,
	"TR": 1.0,
	"VH": 1.0,
	"PH": 3.561774623994042,
	"OXCAST": 0.03079059275657457,
	"Spec": 64.85833333333333,
	"Frag": 42.493650718991766,
	"PC": 1828442.831421766,
	"TP": 1.7676444076741183E11,
	"EE": 0.013280878749187883,
	"EEE": 0.012385694862857016,
	"BPSK": 100.0,
	"QPSK": 0.0,
	"8QAM": 0.0,
	"16QAM": 0.0,
	"32QAM": 0.0,
	"64QAM": 0.0,
	"MetCos":0.0,
	"MetPC":0.0,
	"LPGrooming": 0.0,
	"STP": 0.004365365041272348,
	"TSTP": 422.017299999963,
	"STmax": 0.0,
	"TSTmax": 0.0,
	"JFI_BR": 0.21196644,
	"JFI_BBR": 0.23992682,
	"Time(ms)": 0.21459
}

