{
	"Load": 210.0,
	"TDR": 2498972186,
	"TDT": 2392229388,
	"BR": 2.082,
	"BRInnerGroup0-0": 2.1412897,
	"BRInnerGroup1-1": 2.5739918,
	"BRInnerGroup2-2": 1.6477859,
	"BRInnerCluster1": 0.86182934,
	"BRInnerCluster2": 3.4134355,
	"BRInnerCluster3": 0.7673419,
	"BRInnerCluster4": 0.86182934,
	"BRInnerCluster5": 3.4134355,
	"BRInnerCluster6": 0.7673419,
	"BRCrossGroup0-1": 2.8873217,
	"BRCrossGroup0-2": 1.0934819,
	"BRCrossGroup1-0": 1.2165097,
	"BRCrossGroup1-2": 0.55803573,
	"BRCrossGroup2-0": 0.88840735,
	"BRCrossGroup2-1": 1.3503128,
	"BRCrossCluster1-2": 2.080753,
	"BRCrossCluster1-3": 1.9977679,
	"BRCrossCluster1-4": 2.6935112,
	"BRCrossCluster1-5": 0.8,
	"BRCrossCluster1-6": 1.0434783,
	"BRCrossCluster2-1": 2.317073,
	"BRCrossCluster2-3": 6.175538,
	"BRCrossCluster2-4": 0.295858,
	"BRCrossCluster2-5": 2.2038567,
	"BRCrossCluster2-6": 0.56710774,
	"BRCrossCluster3-1": 0.46498907,
	"BRCrossCluster3-2": 2.5799518,
	"BRCrossCluster3-4": 2.871826,
	"BRCrossCluster3-5": 1.2288786,
	"BRCrossCluster3-6": 0.101833,
	"BRCrossCluster4-1": 1.3495277,
	"BRCrossCluster4-2": 0.24466969,
	"BRCrossCluster4-3": 5.425437,
	"BRCrossCluster4-5": 0.9182736,
	"BRCrossCluster4-6": 0.12210013,
	"BRCrossCluster5-1": 0.7708479,
	"BRCrossCluster5-2": 1.4502763,
	"BRCrossCluster5-3": 2.0711784,
	"BRCrossCluster5-4": 1.416122,
	"BRCrossCluster5-6": 2.676399,
	"BRCrossCluster6-1": 0.7155635,
	"BRCrossCluster6-2": 1.0318142,
	"BRCrossCluster6-3": 0.27110767,
	"BRCrossCluster6-4": 1.9371728,
	"BRCrossCluster6-5": 1.2594459,
	"BBR": 4.3040795,
	"BBRinnerGroup0-0": 3.8187008,
	"BBRinnerGroup1-1": 5.561135,
	"BBRinnerGroup2-2": 3.8057084,
	"BBRinnerCluster1": 1.785224,
	"BBRinnerCluster2": 4.2214913,
	"BBRinnerCluster3": 2.0027308,
	"BBRinnerCluster4": 0.53684723,
	"BBRinnerCluster5": 2.3255813,
	"BBRinnerCluster6": 0.0,
	"BBRcrossGroup0-1": 5.9072657,
	"BBRcrossGroup0-2": 2.417082,
	"BBRcrossGroup1-0": 2.8083742,
	"BBRcrossGroup1-2": 1.346046,
	"BBRcrossGroup2-0": 2.1671495,
	"BBRcrossGroup2-1": 3.0042682,
	"BBRcrossCluster1-2": 4.2267528,
	"BBRcrossCluster1-3": 4.404304,
	"BBRcrossCluster1-4": 5.708783,
	"BBRcrossCluster1-5": 1.7200675,
	"BBRcrossCluster1-6": 2.3608017,
	"BBRcrossCluster2-1": 4.8870335,
	"BBRcrossCluster2-3": 12.102085,
	"BBRcrossCluster2-4": 0.745617,
	"BBRcrossCluster2-5": 4.9242425,
	"BBRcrossCluster2-6": 1.014983,
	"BBRcrossCluster3-1": 1.1434946,
	"BBRcrossCluster3-2": 5.901813,
	"BBRcrossCluster3-4": 6.3969464,
	"BBRcrossCluster3-5": 2.9815614,
	"BBRcrossCluster3-6": 0.19753087,
	"BBRcrossCluster4-1": 2.999143,
	"BBRcrossCluster4-2": 0.5998589,
	"BBRcrossCluster4-3": 11.353055,
	"BBRcrossCluster4-5": 1.9898195,
	"BBRcrossCluster4-6": 0.37878788,
	"BBRcrossCluster5-1": 1.7972682,
	"BBRcrossCluster5-2": 3.5027475,
	"BBRcrossCluster5-3": 4.8396673,
	"BBRcrossCluster5-4": 2.927805,
	"BBRcrossCluster5-6": 6.338028,
	"BBRcrossCluster6-1": 1.8741634,
	"BBRcrossCluster6-2": 2.1374686,
	"BBRcrossCluster6-3": 0.6777692,
	"BBRcrossCluster5-4": 3.7920973,
	"BBRcrossCluster6-5": 2.8277636,
	"LP": 97918,
	"TR": 1.0,
	"VH": 1.0,
	"PH": 3.591750239996732,
	"OXCAST": 0.0402581008496138,
	"Spec": 68.28333333333333,
	"Frag": 39.132760282251105,
	"PC": 1840462.8457415483,
	"TP": 1.802157076103016E11,
	"EE": 0.013274255722331131,
	"EEE": 0.0127029211986782,
	"BPSK": 100.0,
	"QPSK": 0.0,
	"8QAM": 0.0,
	"16QAM": 0.0,
	"32QAM": 0.0,
	"64QAM": 0.0,
	"MetCos":0.0,
	"MetPC":0.0,
	"LPGrooming": 0.0,
	"STP": 0.004401935292795568,
	"TSTP": 431.0286999999564,
	"STmax": 0.0,
	"TSTmax": 0.0,
	"JFI_BR": 0.15819612,
	"JFI_BBR": 0.17834392,
	"Time(ms)": 0.24781
}

