{
	"Load": 210.0,
	"TDR": 2517270854,
	"TDT": 2417527798,
	"BR": 1.9039999,
	"BRInnerGroup0-0": 2.0933015,
	"BRInnerGroup1-1": 2.4380097,
	"BRInnerGroup2-2": 1.1571842,
	"BRInnerCluster1": 0.6534168,
	"BRInnerCluster2": 3.8787217,
	"BRInnerCluster3": 0.82039267,
	"BRInnerCluster4": 0.6534168,
	"BRInnerCluster5": 3.8787217,
	"BRInnerCluster6": 0.82039267,
	"BRCrossGroup0-1": 2.623292,
	"BRCrossGroup0-2": 1.1746792,
	"BRCrossGroup1-0": 0.9202232,
	"BRCrossGroup1-2": 0.5585032,
	"BRCrossGroup2-0": 0.89495,
	"BRCrossGroup2-1": 1.0961969,
	"BRCrossCluster1-2": 1.9817073,
	"BRCrossCluster1-3": 1.7017126,
	"BRCrossCluster1-4": 1.845684,
	"BRCrossCluster1-5": 0.48109964,
	"BRCrossCluster1-6": 1.3774104,
	"BRCrossCluster2-1": 2.2688038,
	"BRCrossCluster2-3": 6.065802,
	"BRCrossCluster2-4": 0.24439919,
	"BRCrossCluster2-5": 2.120383,
	"BRCrossCluster2-6": 1.0752689,
	"BRCrossCluster3-1": 0.57487,
	"BRCrossCluster3-2": 1.4461119,
	"BRCrossCluster3-4": 2.2843401,
	"BRCrossCluster3-5": 1.1290323,
	"BRCrossCluster3-6": 0.0999001,
	"BRCrossCluster4-1": 1.5488216,
	"BRCrossCluster4-2": 0.033898305,
	"BRCrossCluster4-3": 5.593778,
	"BRCrossCluster4-5": 0.7373272,
	"BRCrossCluster4-6": 0.36674818,
	"BRCrossCluster5-1": 0.6016043,
	"BRCrossCluster5-2": 1.2022631,
	"BRCrossCluster5-3": 2.2289157,
	"BRCrossCluster5-4": 1.3983371,
	"BRCrossCluster5-6": 1.5151515,
	"BRCrossCluster6-1": 0.5420054,
	"BRCrossCluster6-2": 0.944206,
	"BRCrossCluster6-3": 0.12019231,
	"BRCrossCluster6-4": 0.9169638,
	"BRCrossCluster6-5": 1.5424165,
	"BBR": 3.9336934,
	"BBRinnerGroup0-0": 3.6836917,
	"BBRinnerGroup1-1": 5.241564,
	"BBRinnerGroup2-2": 2.5924149,
	"BBRinnerCluster1": 1.4401076,
	"BBRinnerCluster2": 5.216802,
	"BBRinnerCluster3": 2.0702724,
	"BBRinnerCluster4": 0.32085562,
	"BBRinnerCluster5": 1.2391573,
	"BBRinnerCluster6": 0.0,
	"BBRcrossGroup0-1": 5.4300537,
	"BBRcrossGroup0-2": 2.8075159,
	"BBRcrossGroup1-0": 2.0396934,
	"BBRcrossGroup1-2": 1.3683482,
	"BBRcrossGroup2-0": 2.0468767,
	"BBRcrossGroup2-1": 2.513465,
	"BBRcrossCluster1-2": 3.788852,
	"BBRcrossCluster1-3": 3.8580499,
	"BBRcrossCluster1-4": 4.0940886,
	"BBRcrossCluster1-5": 0.9249377,
	"BBRcrossCluster1-6": 3.1895776,
	"BBRcrossCluster2-1": 4.792332,
	"BBRcrossCluster2-3": 11.925472,
	"BBRcrossCluster2-4": 0.6537297,
	"BBRcrossCluster2-5": 5.0347223,
	"BBRcrossCluster2-6": 2.7360988,
	"BBRcrossCluster3-1": 1.360258,
	"BBRcrossCluster3-2": 3.2487452,
	"BBRcrossCluster3-4": 4.6440578,
	"BBRcrossCluster3-5": 3.0315444,
	"BBRcrossCluster3-6": 0.19351718,
	"BBRcrossCluster4-1": 3.168251,
	"BBRcrossCluster4-2": 0.101971455,
	"BBRcrossCluster4-3": 11.778668,
	"BBRcrossCluster4-5": 1.977401,
	"BBRcrossCluster4-6": 0.5363528,
	"BBRcrossCluster5-1": 1.4925373,
	"BBRcrossCluster5-2": 2.672148,
	"BBRcrossCluster5-3": 5.196375,
	"BBRcrossCluster5-4": 2.7694046,
	"BBRcrossCluster5-6": 3.6649215,
	"BBRcrossCluster6-1": 1.3368983,
	"BBRcrossCluster6-2": 1.7444396,
	"BBRcrossCluster6-3": 0.3186616,
	"BBRcrossCluster5-4": 1.8988965,
	"BBRcrossCluster6-5": 3.4165573,
	"LP": 98096,
	"TR": 1.0,
	"VH": 1.0,
	"PH": 3.5749469907029847,
	"OXCAST": 0.050278065162376914,
	"Spec": 68.35833333333333,
	"Frag": 38.9570356474155,
	"PC": 1833728.6086792417,
	"TP": 1.7988293816231317E11,
	"EE": 0.01343945024857555,
	"EEE": 0.012910783479946059,
	"BPSK": 100.0,
	"QPSK": 0.0,
	"8QAM": 0.0,
	"16QAM": 0.0,
	"32QAM": 0.0,
	"64QAM": 0.0,
	"MetCos":0.0,
	"MetPC":0.0,
	"LPGrooming": 0.0,
	"STP": 0.004381435328657219,
	"TSTP": 429.8012799999585,
	"STmax": 0.0,
	"TSTmax": 0.0,
	"JFI_BR": 0.15501158,
	"JFI_BBR": 0.16704029,
	"Time(ms)": 0.2246
}

