{
	"Load": 120.0,
	"TDR": 2502554587,
	"TDT": 2496619187,
	"BR": 0.171,
	"BRInnerGroup0-0": 0.64588106,
	"BRInnerGroup1-1": 0.058828473,
	"BRInnerGroup2-2": 0.0,
	"BRInnerCluster1": 0.0,
	"BRInnerCluster2": 2.931596,
	"BRInnerCluster3": 0.0,
	"BRInnerCluster4": 0.0,
	"BRInnerCluster5": 2.931596,
	"BRInnerCluster6": 0.0,
	"BRCrossGroup0-1": 0.13031769,
	"BRCrossGroup0-2": 0.043365136,
	"BRCrossGroup1-0": 0.03660054,
	"BRCrossGroup1-2": 0.0,
	"BRCrossGroup2-0": 0.0,
	"BRCrossGroup2-1": 0.022239521,
	"BRCrossCluster1-2": 0.02486325,
	"BRCrossCluster1-3": 0.05395489,
	"BRCrossCluster1-4": 0.027578598,
	"BRCrossCluster1-5": 0.0,
	"BRCrossCluster1-6": 0.0,
	"BRCrossCluster2-1": 0.024078978,
	"BRCrossCluster2-3": 0.3635963,
	"BRCrossCluster2-4": 0.013557484,
	"BRCrossCluster2-5": 0.0,
	"BRCrossCluster2-6": 0.17873101,
	"BRCrossCluster3-1": 0.055478502,
	"BRCrossCluster3-2": 0.0,
	"BRCrossCluster3-4": 0.06129329,
	"BRCrossCluster3-5": 0.0,
	"BRCrossCluster3-6": 0.0,
	"BRCrossCluster4-1": 0.10121458,
	"BRCrossCluster4-2": 0.0,
	"BRCrossCluster4-3": 0.15375154,
	"BRCrossCluster4-5": 0.0,
	"BRCrossCluster4-6": 0.0,
	"BRCrossCluster5-1": 0.0,
	"BRCrossCluster5-2": 0.0,
	"BRCrossCluster5-3": 0.0,
	"BRCrossCluster5-4": 0.15226494,
	"BRCrossCluster5-6": 0.0,
	"BRCrossCluster6-1": 0.0,
	"BRCrossCluster6-2": 0.0,
	"BRCrossCluster6-3": 0.0,
	"BRCrossCluster6-4": 0.10131713,
	"BRCrossCluster6-5": 0.0,
	"BBR": 0.2658842,
	"BBRinnerGroup0-0": 0.72480917,
	"BBRinnerGroup1-1": 0.14417166,
	"BBRinnerGroup2-2": 0.0,
	"BBRinnerCluster1": 0.0,
	"BBRinnerCluster2": 3.1287768,
	"BBRinnerCluster3": 0.0,
	"BBRinnerCluster4": 0.0,
	"BBRinnerCluster5": 0.0,
	"BBRinnerCluster6": 0.0,
	"BBRcrossGroup0-1": 0.30034798,
	"BBRcrossGroup0-2": 0.12926856,
	"BBRcrossGroup1-0": 0.10279756,
	"BBRcrossGroup1-2": 0.0,
	"BBRcrossGroup2-0": 0.0,
	"BBRcrossGroup2-1": 0.022134913,
	"BBRcrossCluster1-2": 0.07591093,
	"BBRcrossCluster1-3": 0.13835675,
	"BBRcrossCluster1-4": 0.0696767,
	"BBRcrossCluster1-5": 0.0,
	"BBRcrossCluster1-6": 0.0,
	"BBRcrossCluster2-1": 0.0717961,
	"BBRcrossCluster2-3": 0.7803913,
	"BBRcrossCluster2-4": 0.04070004,
	"BBRcrossCluster2-5": 0.0,
	"BBRcrossCluster2-6": 0.51880676,
	"BBRcrossCluster3-1": 0.13925639,
	"BBRcrossCluster3-2": 0.0,
	"BBRcrossCluster3-4": 0.1549907,
	"BBRcrossCluster3-5": 0.0,
	"BBRcrossCluster3-6": 0.0,
	"BBRcrossCluster4-1": 0.2970787,
	"BBRcrossCluster4-2": 0.0,
	"BBRcrossCluster4-3": 0.37163207,
	"BBRcrossCluster4-5": 0.0,
	"BBRcrossCluster4-6": 0.0,
	"BBRcrossCluster5-1": 0.0,
	"BBRcrossCluster5-2": 0.0,
	"BBRcrossCluster5-3": 0.0,
	"BBRcrossCluster5-4": 0.456621,
	"BBRcrossCluster5-6": 0.0,
	"BBRcrossCluster6-1": 0.0,
	"BBRcrossCluster6-2": 0.0,
	"BBRcrossCluster6-3": 0.0,
	"BBRcrossCluster5-4": 0.0996016,
	"BBRcrossCluster6-5": 0.0,
	"LP": 99829,
	"TR": 1.0,
	"VH": 1.0,
	"PH": 3.5857416181670656,
	"OXCAST": 0.6428558656487328,
	"Spec": 81.29166666666667,
	"Frag": 23.313859640604242,
	"PC": 1838064.3491610247,
	"TP": 1.8349253523076407E11,
	"EE": 0.013606107648249556,
	"EEE": 0.013569931159029928,
	"BPSK": 100.0,
	"QPSK": 0.0,
	"8QAM": 0.0,
	"16QAM": 0.0,
	"32QAM": 0.0,
	"64QAM": 0.0,
	"MetCos":0.0,
	"MetPC":0.0,
	"LPGrooming": 0.0,
	"STP": 0.004394604774163316,
	"TSTP": 438.70899999994964,
	"STmax": 0.0,
	"TSTmax": 0.0,
	"JFI_BR": 0.011372526,
	"JFI_BBR": 0.009325521,
	"Time(ms)": 0.20892
}

