{
	"Load": 180.0,
	"TDR": 2518368159,
	"TDT": 2470331388,
	"BR": 0.939,
	"BRInnerGroup0-0": 1.3293592,
	"BRInnerGroup1-1": 1.1034597,
	"BRInnerGroup2-2": 0.10070494,
	"BRInnerCluster1": 0.0829646,
	"BRInnerCluster2": 3.8144894,
	"BRInnerCluster3": 0.11922504,
	"BRInnerCluster4": 0.0829646,
	"BRInnerCluster5": 3.8144894,
	"BRInnerCluster6": 0.11922504,
	"BRCrossGroup0-1": 1.1998248,
	"BRCrossGroup0-2": 0.43487716,
	"BRCrossGroup1-0": 0.4444126,
	"BRCrossGroup1-2": 0.24875621,
	"BRCrossGroup2-0": 0.42698547,
	"BRCrossGroup2-1": 0.66137564,
	"BRCrossCluster1-2": 0.94129306,
	"BRCrossCluster1-3": 0.6094183,
	"BRCrossCluster1-4": 0.9372453,
	"BRCrossCluster1-5": 0.48409408,
	"BRCrossCluster1-6": 0.44802868,
	"BRCrossCluster2-1": 0.7944389,
	"BRCrossCluster2-3": 2.848311,
	"BRCrossCluster2-4": 0.17827757,
	"BRCrossCluster2-5": 0.6177076,
	"BRCrossCluster2-6": 0.26809654,
	"BRCrossCluster3-1": 0.33268645,
	"BRCrossCluster3-2": 0.52562416,
	"BRCrossCluster3-4": 1.2073649,
	"BRCrossCluster3-5": 0.37821484,
	"BRCrossCluster3-6": 0.0,
	"BRCrossCluster4-1": 0.8045591,
	"BRCrossCluster4-2": 0.03400204,
	"BRCrossCluster4-3": 2.6686656,
	"BRCrossCluster4-5": 0.46554935,
	"BRCrossCluster4-6": 0.5044136,
	"BRCrossCluster5-1": 0.13661201,
	"BRCrossCluster5-2": 1.2113055,
	"BRCrossCluster5-3": 1.0602847,
	"BRCrossCluster5-4": 0.7039644,
	"BRCrossCluster5-6": 0.0,
	"BRCrossCluster6-1": 0.37383178,
	"BRCrossCluster6-2": 0.2542373,
	"BRCrossCluster6-3": 0.116414435,
	"BRCrossCluster6-4": 0.9438649,
	"BRCrossCluster6-5": 0.25062656,
	"BBR": 1.9871417,
	"BBRinnerGroup0-0": 2.109881,
	"BBRinnerGroup1-1": 2.6764498,
	"BBRinnerGroup2-2": 0.10411245,
	"BBRinnerCluster1": 0.15231238,
	"BBRinnerCluster2": 4.584369,
	"BBRinnerCluster3": 0.32405362,
	"BBRinnerCluster4": 0.0,
	"BBRinnerCluster5": 0.0,
	"BBRinnerCluster6": 0.0,
	"BBRcrossGroup0-1": 2.6129336,
	"BBRcrossGroup0-2": 1.0914928,
	"BBRcrossGroup1-0": 1.0491024,
	"BBRcrossGroup1-2": 0.68101335,
	"BBRcrossGroup2-0": 1.0805085,
	"BBRcrossGroup2-1": 1.5774248,
	"BBRcrossCluster1-2": 2.0237951,
	"BBRcrossCluster1-3": 1.3723184,
	"BBRcrossCluster1-4": 2.0353508,
	"BBRcrossCluster1-5": 1.3044971,
	"BBRcrossCluster1-6": 0.9511457,
	"BBRcrossCluster2-1": 1.7517705,
	"BBRcrossCluster2-3": 6.191162,
	"BBRcrossCluster2-4": 0.47227094,
	"BBRcrossCluster2-5": 1.6304348,
	"BBRcrossCluster2-6": 0.625,
	"BBRcrossCluster3-1": 0.8287293,
	"BBRcrossCluster3-2": 1.4006343,
	"BBRcrossCluster3-4": 3.062318,
	"BBRcrossCluster3-5": 1.0711553,
	"BBRcrossCluster3-6": 0.0,
	"BBRcrossCluster4-1": 1.7863277,
	"BBRcrossCluster4-2": 0.101334244,
	"BBRcrossCluster4-3": 6.359782,
	"BBRcrossCluster4-5": 0.68524444,
	"BBRcrossCluster4-6": 1.335762,
	"BBRcrossCluster5-1": 0.41972715,
	"BBRcrossCluster5-2": 3.1828516,
	"BBRcrossCluster5-3": 2.588023,
	"BBRcrossCluster5-4": 1.3989825,
	"BBRcrossCluster5-6": 0.0,
	"BBRcrossCluster6-1": 0.6372326,
	"BBRcrossCluster6-2": 0.68551844,
	"BBRcrossCluster6-3": 0.3440367,
	"BBRcrossCluster5-4": 2.022472,
	"BBRcrossCluster6-5": 0.2570694,
	"LP": 99061,
	"TR": 1.0,
	"VH": 1.0,
	"PH": 3.5874965930083484,
	"OXCAST": 0.08880314664662851,
	"Spec": 72.00833333333334,
	"Frag": 35.08068414835099,
	"PC": 1838765.137163266,
	"TP": 1.8215185774855676E11,
	"EE": 0.013561933534655773,
	"EEE": 0.013292438694210594,
	"BPSK": 100.0,
	"QPSK": 0.0,
	"8QAM": 0.0,
	"16QAM": 0.0,
	"32QAM": 0.0,
	"64QAM": 0.0,
	"MetCos":0.0,
	"MetPC":0.0,
	"LPGrooming": 0.0,
	"STP": 0.004396745843469723,
	"TSTP": 435.5460399999543,
	"STmax": 0.0,
	"TSTmax": 0.0,
	"JFI_BR": 0.09505836,
	"JFI_BBR": 0.09193329,
	"Time(ms)": 0.13487
}

